-- DimUser
INSERT INTO DimUser (user_id, user_name, country, subscription_type, start_date, end_date, updated_at) VALUES (1, 'Justin Gonzalez', 'Equatorial Guinea', 'Free', '2024-01-11', NULL, '2025-09-14 19:49:56');
INSERT INTO DimUser (user_id, user_name, country, subscription_type, start_date, end_date, updated_at) VALUES (2, 'Maria Lowe', 'Australia', 'Family', '2025-04-12', NULL, '2025-09-23 19:49:56');
INSERT INTO DimUser (user_id, user_name, country, subscription_type, start_date, end_date, updated_at) VALUES (3, 'Angel Turner', 'Nigeria', 'Family', '2025-09-25', NULL, '2025-09-18 19:49:56');
INSERT INTO DimUser (user_id, user_name, country, subscription_type, start_date, end_date, updated_at) VALUES (4, 'Ana Coleman', 'Pitcairn Islands', 'Premium', '2023-11-17', NULL, '2025-09-23 19:49:56');
INSERT INTO DimUser (user_id, user_name, country, subscription_type, start_date, end_date, updated_at) VALUES (5, 'Jeff Maddox', 'Macao', 'Free', '2024-03-02', NULL, '2025-10-06 19:49:56');
INSERT INTO DimUser (user_id, user_name, country, subscription_type, start_date, end_date, updated_at) VALUES (6, 'Adam Miller', 'Saint Pierre and Miquelon', 'Family', '2024-08-18', NULL, '2025-09-14 19:49:56');
INSERT INTO DimUser (user_id, user_name, country, subscription_type, start_date, end_date, updated_at) VALUES (7, 'Charlene Diaz', 'Malaysia', 'Premium', '2024-02-22', NULL, '2025-09-10 19:49:56');
INSERT INTO DimUser (user_id, user_name, country, subscription_type, start_date, end_date, updated_at) VALUES (8, 'David Douglas', 'Saudi Arabia', 'Family', '2024-06-27', NULL, '2025-09-13 19:49:56');
INSERT INTO DimUser (user_id, user_name, country, subscription_type, start_date, end_date, updated_at) VALUES (9, 'Susan Woodward', 'Philippines', 'Family', '2024-08-09', NULL, '2025-09-17 19:49:56');
INSERT INTO DimUser (user_id, user_name, country, subscription_type, start_date, end_date, updated_at) VALUES (10, 'Bruce Olson', 'Niue', 'Free', '2025-04-19', NULL, '2025-10-03 19:49:56');
INSERT INTO DimUser (user_id, user_name, country, subscription_type, start_date, end_date, updated_at) VALUES (11, 'Jill Allen', 'American Samoa', 'Family', '2024-11-05', NULL, '2025-09-14 19:49:56');
INSERT INTO DimUser (user_id, user_name, country, subscription_type, start_date, end_date, updated_at) VALUES (12, 'Alexander Vincent', 'Turkey', 'Family', '2024-01-26', NULL, '2025-09-21 19:49:56');
INSERT INTO DimUser (user_id, user_name, country, subscription_type, start_date, end_date, updated_at) VALUES (13, 'Christine Rodriguez', 'Martinique', 'Family', '2024-12-14', NULL, '2025-10-01 19:49:56');
INSERT INTO DimUser (user_id, user_name, country, subscription_type, start_date, end_date, updated_at) VALUES (14, 'Robyn Gutierrez', 'Nigeria', 'Free', '2024-11-01', NULL, '2025-09-30 19:49:56');
INSERT INTO DimUser (user_id, user_name, country, subscription_type, start_date, end_date, updated_at) VALUES (15, 'Crystal Johnson', 'Chile', 'Premium', '2025-09-24', NULL, '2025-09-08 19:49:56');
INSERT INTO DimUser (user_id, user_name, country, subscription_type, start_date, end_date, updated_at) VALUES (16, 'Manuel Henry', 'Burundi', 'Free', '2025-09-08', NULL, '2025-09-10 19:49:56');
INSERT INTO DimUser (user_id, user_name, country, subscription_type, start_date, end_date, updated_at) VALUES (17, 'Kristin Dodson', 'Thailand', 'Free', '2024-03-04', NULL, '2025-09-21 19:49:56');
INSERT INTO DimUser (user_id, user_name, country, subscription_type, start_date, end_date, updated_at) VALUES (18, 'Renee Hughes', 'French Guiana', 'Free', '2025-07-23', NULL, '2025-09-09 19:49:56');
INSERT INTO DimUser (user_id, user_name, country, subscription_type, start_date, end_date, updated_at) VALUES (19, 'Emily Brown', 'Grenada', 'Premium', '2025-08-27', NULL, '2025-09-07 19:49:56');
INSERT INTO DimUser (user_id, user_name, country, subscription_type, start_date, end_date, updated_at) VALUES (20, 'Michael Cunningham', 'Fiji', 'Free', '2024-03-02', NULL, '2025-10-06 19:49:56');
INSERT INTO DimUser (user_id, user_name, country, subscription_type, start_date, end_date, updated_at) VALUES (21, 'Elizabeth Vang', 'Austria', 'Family', '2025-03-29', NULL, '2025-09-18 19:49:56');
INSERT INTO DimUser (user_id, user_name, country, subscription_type, start_date, end_date, updated_at) VALUES (22, 'Mrs. Tiffany Kramer', 'Haiti', 'Free', '2025-03-13', NULL, '2025-09-27 19:49:56');
INSERT INTO DimUser (user_id, user_name, country, subscription_type, start_date, end_date, updated_at) VALUES (23, 'Kimberly Johnson', 'Swaziland', 'Family', '2024-10-15', NULL, '2025-09-23 19:49:56');
INSERT INTO DimUser (user_id, user_name, country, subscription_type, start_date, end_date, updated_at) VALUES (24, 'Crystal Liu', 'Costa Rica', 'Free', '2023-10-14', NULL, '2025-09-11 19:49:56');
INSERT INTO DimUser (user_id, user_name, country, subscription_type, start_date, end_date, updated_at) VALUES (25, 'Erin Harding', 'Syrian Arab Republic', 'Free', '2025-02-14', NULL, '2025-09-18 19:49:56');
INSERT INTO DimUser (user_id, user_name, country, subscription_type, start_date, end_date, updated_at) VALUES (26, 'Eric Meza', 'Qatar', 'Family', '2025-01-17', NULL, '2025-09-18 19:49:56');
INSERT INTO DimUser (user_id, user_name, country, subscription_type, start_date, end_date, updated_at) VALUES (27, 'Robert Medina', 'Croatia', 'Premium', '2024-02-20', NULL, '2025-09-25 19:49:56');
INSERT INTO DimUser (user_id, user_name, country, subscription_type, start_date, end_date, updated_at) VALUES (28, 'Julia White', 'Bulgaria', 'Free', '2025-03-04', NULL, '2025-09-14 19:49:56');
INSERT INTO DimUser (user_id, user_name, country, subscription_type, start_date, end_date, updated_at) VALUES (29, 'Thomas Stanley', 'Lao People''s Democratic Republic', 'Premium', '2023-12-29', NULL, '2025-09-07 19:49:56');
INSERT INTO DimUser (user_id, user_name, country, subscription_type, start_date, end_date, updated_at) VALUES (30, 'Sara Rowe', 'Slovenia', 'Premium', '2025-01-12', NULL, '2025-09-13 19:49:56');
INSERT INTO DimUser (user_id, user_name, country, subscription_type, start_date, end_date, updated_at) VALUES (31, 'Taylor Stewart', 'Colombia', 'Free', '2024-11-22', NULL, '2025-09-26 19:49:56');
INSERT INTO DimUser (user_id, user_name, country, subscription_type, start_date, end_date, updated_at) VALUES (32, 'Connor Burns', 'Isle of Man', 'Family', '2023-12-14', NULL, '2025-09-13 19:49:56');
INSERT INTO DimUser (user_id, user_name, country, subscription_type, start_date, end_date, updated_at) VALUES (33, 'Michael Mendez', 'Central African Republic', 'Family', '2024-03-03', NULL, '2025-09-10 19:49:56');
INSERT INTO DimUser (user_id, user_name, country, subscription_type, start_date, end_date, updated_at) VALUES (34, 'Troy Gillespie', 'Moldova', 'Family', '2025-09-24', NULL, '2025-09-20 19:49:56');
INSERT INTO DimUser (user_id, user_name, country, subscription_type, start_date, end_date, updated_at) VALUES (35, 'Molly Mejia', 'Bahrain', 'Premium', '2024-10-23', NULL, '2025-09-08 19:49:56');
INSERT INTO DimUser (user_id, user_name, country, subscription_type, start_date, end_date, updated_at) VALUES (36, 'Keith Monroe', 'Ecuador', 'Premium', '2024-10-13', NULL, '2025-09-18 19:49:56');
INSERT INTO DimUser (user_id, user_name, country, subscription_type, start_date, end_date, updated_at) VALUES (37, 'Becky Leonard', 'Colombia', 'Family', '2025-08-12', NULL, '2025-09-19 19:49:56');
INSERT INTO DimUser (user_id, user_name, country, subscription_type, start_date, end_date, updated_at) VALUES (38, 'Gary Holland', 'Mongolia', 'Free', '2024-09-26', NULL, '2025-10-03 19:49:56');
INSERT INTO DimUser (user_id, user_name, country, subscription_type, start_date, end_date, updated_at) VALUES (39, 'Misty Smith', 'Guatemala', 'Free', '2024-01-15', NULL, '2025-09-21 19:49:56');
INSERT INTO DimUser (user_id, user_name, country, subscription_type, start_date, end_date, updated_at) VALUES (40, 'Michael Haney', 'Turkey', 'Free', '2024-04-18', NULL, '2025-09-10 19:49:56');
INSERT INTO DimUser (user_id, user_name, country, subscription_type, start_date, end_date, updated_at) VALUES (41, 'Erica Goodman', 'Jersey', 'Family', '2024-08-05', NULL, '2025-10-03 19:49:56');
INSERT INTO DimUser (user_id, user_name, country, subscription_type, start_date, end_date, updated_at) VALUES (42, 'Melissa Lee', 'Yemen', 'Family', '2024-12-23', NULL, '2025-09-19 19:49:56');
INSERT INTO DimUser (user_id, user_name, country, subscription_type, start_date, end_date, updated_at) VALUES (43, 'Kari Carr', 'Saint Helena', 'Free', '2024-05-20', NULL, '2025-10-03 19:49:56');
INSERT INTO DimUser (user_id, user_name, country, subscription_type, start_date, end_date, updated_at) VALUES (44, 'Anthony Robinson', 'Cambodia', 'Free', '2025-08-25', NULL, '2025-09-10 19:49:56');
INSERT INTO DimUser (user_id, user_name, country, subscription_type, start_date, end_date, updated_at) VALUES (45, 'Jorge Hester', 'Morocco', 'Free', '2025-09-21', NULL, '2025-09-08 19:49:56');
INSERT INTO DimUser (user_id, user_name, country, subscription_type, start_date, end_date, updated_at) VALUES (46, 'Katherine Mcbride', 'Albania', 'Free', '2024-04-12', NULL, '2025-09-15 19:49:56');
INSERT INTO DimUser (user_id, user_name, country, subscription_type, start_date, end_date, updated_at) VALUES (47, 'Kathleen Adams', 'Mozambique', 'Family', '2024-06-06', NULL, '2025-09-11 19:49:56');
INSERT INTO DimUser (user_id, user_name, country, subscription_type, start_date, end_date, updated_at) VALUES (48, 'Michael Russell', 'Swaziland', 'Family', '2025-07-27', NULL, '2025-10-02 19:49:56');
INSERT INTO DimUser (user_id, user_name, country, subscription_type, start_date, end_date, updated_at) VALUES (49, 'Sandra Thompson', 'Montenegro', 'Free', '2025-07-23', NULL, '2025-09-09 19:49:56');
INSERT INTO DimUser (user_id, user_name, country, subscription_type, start_date, end_date, updated_at) VALUES (50, 'Sharon Hughes', 'Moldova', 'Premium', '2024-01-15', NULL, '2025-09-07 19:49:56');

-- DimArtist
INSERT INTO DimArtist (artist_id, artist_name, genre, country, updated_at) VALUES (1, 'Christine Martin', 'Classical', 'Saudi Arabia', '2025-09-21 19:49:56');
INSERT INTO DimArtist (artist_id, artist_name, genre, country, updated_at) VALUES (2, 'Johnny Coleman', 'Hip-Hop', 'South Africa', '2025-10-03 19:49:56');
INSERT INTO DimArtist (artist_id, artist_name, genre, country, updated_at) VALUES (3, 'Jennifer Collins', 'Jazz', 'Kuwait', '2025-10-02 19:49:56');
INSERT INTO DimArtist (artist_id, artist_name, genre, country, updated_at) VALUES (4, 'Anne Rose', 'Classical', 'Timor-Leste', '2025-10-07 19:49:56');
INSERT INTO DimArtist (artist_id, artist_name, genre, country, updated_at) VALUES (5, 'Wanda Hall', 'Rock', 'New Zealand', '2025-09-25 19:49:56');
INSERT INTO DimArtist (artist_id, artist_name, genre, country, updated_at) VALUES (6, 'William Bailey', 'Jazz', 'French Polynesia', '2025-09-14 19:49:56');
INSERT INTO DimArtist (artist_id, artist_name, genre, country, updated_at) VALUES (7, 'William Erickson', 'Classical', 'Yemen', '2025-09-29 19:49:56');
INSERT INTO DimArtist (artist_id, artist_name, genre, country, updated_at) VALUES (8, 'Kenneth Brown', 'Electronic', 'Saint Helena', '2025-09-30 19:49:56');
INSERT INTO DimArtist (artist_id, artist_name, genre, country, updated_at) VALUES (9, 'Brett White', 'Pop', 'Liberia', '2025-09-26 19:49:56');
INSERT INTO DimArtist (artist_id, artist_name, genre, country, updated_at) VALUES (10, 'Darrell Jones', 'Classical', 'New Caledonia', '2025-10-02 19:49:56');
INSERT INTO DimArtist (artist_id, artist_name, genre, country, updated_at) VALUES (11, 'Arthur Myers', 'Classical', 'Bangladesh', '2025-09-17 19:49:56');
INSERT INTO DimArtist (artist_id, artist_name, genre, country, updated_at) VALUES (12, 'Mercedes Hernandez', 'Classical', 'French Polynesia', '2025-09-09 19:49:56');
INSERT INTO DimArtist (artist_id, artist_name, genre, country, updated_at) VALUES (13, 'Sarah Carroll', 'Rock', 'Montserrat', '2025-10-05 19:49:56');
INSERT INTO DimArtist (artist_id, artist_name, genre, country, updated_at) VALUES (14, 'Christopher Hunter', 'Electronic', 'Kyrgyz Republic', '2025-10-04 19:49:56');
INSERT INTO DimArtist (artist_id, artist_name, genre, country, updated_at) VALUES (15, 'Eric Fisher', 'Hip-Hop', 'Australia', '2025-09-27 19:49:56');
INSERT INTO DimArtist (artist_id, artist_name, genre, country, updated_at) VALUES (16, 'Samantha Campbell', 'Rock', 'Barbados', '2025-10-04 19:49:56');
INSERT INTO DimArtist (artist_id, artist_name, genre, country, updated_at) VALUES (17, 'Phillip Henson', 'Pop', 'Lao People''s Democratic Republic', '2025-10-03 19:49:56');
INSERT INTO DimArtist (artist_id, artist_name, genre, country, updated_at) VALUES (18, 'Austin Rodriguez', 'Classical', 'United States of America', '2025-10-01 19:49:56');
INSERT INTO DimArtist (artist_id, artist_name, genre, country, updated_at) VALUES (19, 'Bobby Hunt', 'Jazz', 'Isle of Man', '2025-09-10 19:49:56');
INSERT INTO DimArtist (artist_id, artist_name, genre, country, updated_at) VALUES (20, 'Patricia Hernandez', 'Pop', 'Denmark', '2025-10-01 19:49:56');
INSERT INTO DimArtist (artist_id, artist_name, genre, country, updated_at) VALUES (21, 'Jay Vaughn', 'Pop', 'Sudan', '2025-09-08 19:49:56');
INSERT INTO DimArtist (artist_id, artist_name, genre, country, updated_at) VALUES (22, 'Sarah Smith', 'Rock', 'Ireland', '2025-09-19 19:49:56');
INSERT INTO DimArtist (artist_id, artist_name, genre, country, updated_at) VALUES (23, 'James Wagner', 'Rock', 'Uzbekistan', '2025-10-04 19:49:56');
INSERT INTO DimArtist (artist_id, artist_name, genre, country, updated_at) VALUES (24, 'Brent Snyder', 'Pop', 'United Arab Emirates', '2025-09-16 19:49:56');
INSERT INTO DimArtist (artist_id, artist_name, genre, country, updated_at) VALUES (25, 'Monica Watts', 'Jazz', 'Brazil', '2025-09-10 19:49:56');
INSERT INTO DimArtist (artist_id, artist_name, genre, country, updated_at) VALUES (26, 'Jacob Torres', 'Rock', 'Guernsey', '2025-09-27 19:49:56');
INSERT INTO DimArtist (artist_id, artist_name, genre, country, updated_at) VALUES (27, 'Francisco Tucker', 'Jazz', 'Costa Rica', '2025-09-07 19:49:56');
INSERT INTO DimArtist (artist_id, artist_name, genre, country, updated_at) VALUES (28, 'Casey Peterson', 'Electronic', 'Tajikistan', '2025-09-22 19:49:56');
INSERT INTO DimArtist (artist_id, artist_name, genre, country, updated_at) VALUES (29, 'David Barrera', 'Classical', 'Eritrea', '2025-10-02 19:49:56');
INSERT INTO DimArtist (artist_id, artist_name, genre, country, updated_at) VALUES (30, 'Joe Craig', 'Electronic', 'Guatemala', '2025-09-16 19:49:56');
INSERT INTO DimArtist (artist_id, artist_name, genre, country, updated_at) VALUES (31, 'Nicole Blackburn', 'Hip-Hop', 'Tokelau', '2025-09-08 19:49:56');
INSERT INTO DimArtist (artist_id, artist_name, genre, country, updated_at) VALUES (32, 'Angela Lawrence', 'Hip-Hop', 'Reunion', '2025-09-09 19:49:56');
INSERT INTO DimArtist (artist_id, artist_name, genre, country, updated_at) VALUES (33, 'Ms. Samantha Mayo DDS', 'Electronic', 'Mauritania', '2025-09-16 19:49:56');
INSERT INTO DimArtist (artist_id, artist_name, genre, country, updated_at) VALUES (34, 'Johnny Black', 'Rock', 'Switzerland', '2025-09-12 19:49:56');
INSERT INTO DimArtist (artist_id, artist_name, genre, country, updated_at) VALUES (35, 'Krista Mckay MD', 'Pop', 'Antigua and Barbuda', '2025-10-04 19:49:56');
INSERT INTO DimArtist (artist_id, artist_name, genre, country, updated_at) VALUES (36, 'Barbara Ellis', 'Classical', 'Bhutan', '2025-09-21 19:49:56');
INSERT INTO DimArtist (artist_id, artist_name, genre, country, updated_at) VALUES (37, 'Brianna Russell', 'Pop', 'Saint Martin', '2025-10-05 19:49:56');
INSERT INTO DimArtist (artist_id, artist_name, genre, country, updated_at) VALUES (38, 'Emily Cole', 'Jazz', 'Zimbabwe', '2025-09-18 19:49:56');
INSERT INTO DimArtist (artist_id, artist_name, genre, country, updated_at) VALUES (39, 'David Baldwin', 'Rock', 'Swaziland', '2025-09-29 19:49:56');
INSERT INTO DimArtist (artist_id, artist_name, genre, country, updated_at) VALUES (40, 'Todd Nelson', 'Electronic', 'Svalbard & Jan Mayen Islands', '2025-10-03 19:49:56');
INSERT INTO DimArtist (artist_id, artist_name, genre, country, updated_at) VALUES (41, 'Brandy Sanders', 'Rock', 'Saint Vincent and the Grenadines', '2025-10-04 19:49:56');
INSERT INTO DimArtist (artist_id, artist_name, genre, country, updated_at) VALUES (42, 'Michael Sanders', 'Pop', 'Swaziland', '2025-09-23 19:49:56');
INSERT INTO DimArtist (artist_id, artist_name, genre, country, updated_at) VALUES (43, 'Deborah Morrison', 'Pop', 'Kazakhstan', '2025-09-29 19:49:56');
INSERT INTO DimArtist (artist_id, artist_name, genre, country, updated_at) VALUES (44, 'Brandon Friedman', 'Pop', 'Senegal', '2025-09-14 19:49:56');
INSERT INTO DimArtist (artist_id, artist_name, genre, country, updated_at) VALUES (45, 'Robert Jones', 'Classical', 'Marshall Islands', '2025-10-02 19:49:56');
INSERT INTO DimArtist (artist_id, artist_name, genre, country, updated_at) VALUES (46, 'David Campbell', 'Hip-Hop', 'Saudi Arabia', '2025-09-23 19:49:56');
INSERT INTO DimArtist (artist_id, artist_name, genre, country, updated_at) VALUES (47, 'Lisa Jackson DDS', 'Classical', 'Congo', '2025-10-04 19:49:56');
INSERT INTO DimArtist (artist_id, artist_name, genre, country, updated_at) VALUES (48, 'Adam Sampson', 'Rock', 'Comoros', '2025-09-30 19:49:56');
INSERT INTO DimArtist (artist_id, artist_name, genre, country, updated_at) VALUES (49, 'Arthur Walker', 'Classical', 'Holy See (Vatican City State)', '2025-09-08 19:49:56');
INSERT INTO DimArtist (artist_id, artist_name, genre, country, updated_at) VALUES (50, 'Joshua Christian', 'Rock', 'Reunion', '2025-09-07 19:49:56');

-- DimTrack
INSERT INTO DimTrack (track_id, track_name, artist_id, album_name, duration_sec, release_date, updated_at) VALUES (1, 'Focused next generation encryption', 19, 'Piece Album', 248, '2022-04-14', '2025-10-05 19:49:56');
INSERT INTO DimTrack (track_id, track_name, artist_id, album_name, duration_sec, release_date, updated_at) VALUES (2, 'Public-key object-oriented archive', 42, 'Late Album', 257, '2021-03-08', '2025-09-30 19:49:56');
INSERT INTO DimTrack (track_id, track_name, artist_id, album_name, duration_sec, release_date, updated_at) VALUES (3, 'Mandatory intermediate artificial intelligence', 15, 'Too Album', 218, '2023-08-24', '2025-09-25 19:49:56');
INSERT INTO DimTrack (track_id, track_name, artist_id, album_name, duration_sec, release_date, updated_at) VALUES (4, 'Cross-group object-oriented alliance', 48, 'Surface Album', 278, '2021-09-08', '2025-09-19 19:49:56');
INSERT INTO DimTrack (track_id, track_name, artist_id, album_name, duration_sec, release_date, updated_at) VALUES (5, 'Extended bottom-line conglomeration', 4, 'Increase Album', 138, '2023-01-01', '2025-10-07 19:49:56');
INSERT INTO DimTrack (track_id, track_name, artist_id, album_name, duration_sec, release_date, updated_at) VALUES (6, 'Down-sized 6thgeneration initiative', 11, 'Our Album', 240, '2022-02-13', '2025-09-16 19:49:56');
INSERT INTO DimTrack (track_id, track_name, artist_id, album_name, duration_sec, release_date, updated_at) VALUES (7, 'Triple-buffered even-keeled database', 27, 'Opportunity Album', 188, '2023-08-07', '2025-09-22 19:49:56');
INSERT INTO DimTrack (track_id, track_name, artist_id, album_name, duration_sec, release_date, updated_at) VALUES (8, 'Fundamental bifurcated Graphical User Interface', 48, 'Sound Album', 200, '2020-12-08', '2025-09-12 19:49:56');
INSERT INTO DimTrack (track_id, track_name, artist_id, album_name, duration_sec, release_date, updated_at) VALUES (9, 'Persevering dedicated artificial intelligence', 2, 'Government Album', 193, '2024-08-11', '2025-09-25 19:49:56');
INSERT INTO DimTrack (track_id, track_name, artist_id, album_name, duration_sec, release_date, updated_at) VALUES (10, 'Programmable real-time function', 12, 'Adult Album', 186, '2020-11-17', '2025-09-25 19:49:56');
INSERT INTO DimTrack (track_id, track_name, artist_id, album_name, duration_sec, release_date, updated_at) VALUES (11, 'Decentralized mission-critical collaboration', 22, 'Make Album', 105, '2021-03-09', '2025-09-16 19:49:56');
INSERT INTO DimTrack (track_id, track_name, artist_id, album_name, duration_sec, release_date, updated_at) VALUES (12, 'Streamlined mobile knowledgebase', 40, 'Fact Album', 179, '2024-05-31', '2025-09-30 19:49:56');
INSERT INTO DimTrack (track_id, track_name, artist_id, album_name, duration_sec, release_date, updated_at) VALUES (13, 'Re-engineered user-facing benchmark', 23, 'Own Album', 268, '2022-03-29', '2025-09-26 19:49:56');
INSERT INTO DimTrack (track_id, track_name, artist_id, album_name, duration_sec, release_date, updated_at) VALUES (14, 'Grass-roots tangible attitude', 19, 'Art Album', 330, '2023-01-25', '2025-10-01 19:49:56');
INSERT INTO DimTrack (track_id, track_name, artist_id, album_name, duration_sec, release_date, updated_at) VALUES (15, 'Extended maximized application', 15, 'Machine Album', 259, '2024-05-04', '2025-09-18 19:49:56');
INSERT INTO DimTrack (track_id, track_name, artist_id, album_name, duration_sec, release_date, updated_at) VALUES (16, 'Enterprise-wide motivating access', 22, 'Participant Album', 137, '2021-03-13', '2025-09-19 19:49:56');
INSERT INTO DimTrack (track_id, track_name, artist_id, album_name, duration_sec, release_date, updated_at) VALUES (17, 'Pre-emptive dedicated parallelism', 2, 'Yes Album', 151, '2023-12-02', '2025-09-11 19:49:56');
INSERT INTO DimTrack (track_id, track_name, artist_id, album_name, duration_sec, release_date, updated_at) VALUES (18, 'Synchronized 5thgeneration hierarchy', 32, 'Most Album', 203, '2025-02-11', '2025-09-26 19:49:56');
INSERT INTO DimTrack (track_id, track_name, artist_id, album_name, duration_sec, release_date, updated_at) VALUES (19, 'Customizable leadingedge forecast', 29, 'Morning Album', 145, '2022-09-27', '2025-09-23 19:49:56');
INSERT INTO DimTrack (track_id, track_name, artist_id, album_name, duration_sec, release_date, updated_at) VALUES (20, 'Sharable executive open system', 30, 'Tough Album', 116, '2023-03-19', '2025-09-25 19:49:56');
INSERT INTO DimTrack (track_id, track_name, artist_id, album_name, duration_sec, release_date, updated_at) VALUES (21, 'Extended 3rdgeneration neural-net', 29, 'Chance Album', 238, '2023-08-21', '2025-10-06 19:49:56');
INSERT INTO DimTrack (track_id, track_name, artist_id, album_name, duration_sec, release_date, updated_at) VALUES (22, 'Extended explicit alliance', 28, 'Music Album', 166, '2023-09-05', '2025-09-28 19:49:56');
INSERT INTO DimTrack (track_id, track_name, artist_id, album_name, duration_sec, release_date, updated_at) VALUES (23, 'Horizontal contextually-based info-mediaries', 1, 'Professional Album', 132, '2022-04-07', '2025-10-03 19:49:56');
INSERT INTO DimTrack (track_id, track_name, artist_id, album_name, duration_sec, release_date, updated_at) VALUES (24, 'Devolved composite access', 36, 'The Album', 309, '2021-11-18', '2025-09-11 19:49:56');
INSERT INTO DimTrack (track_id, track_name, artist_id, album_name, duration_sec, release_date, updated_at) VALUES (25, 'Decentralized mission-critical conglomeration', 17, 'Than Album', 333, '2024-03-11', '2025-09-28 19:49:56');
INSERT INTO DimTrack (track_id, track_name, artist_id, album_name, duration_sec, release_date, updated_at) VALUES (26, 'Assimilated object-oriented database', 8, 'Respond Album', 138, '2024-04-07', '2025-09-24 19:49:56');
INSERT INTO DimTrack (track_id, track_name, artist_id, album_name, duration_sec, release_date, updated_at) VALUES (27, 'Multi-channeled 24hour algorithm', 48, 'Box Album', 130, '2021-10-04', '2025-09-11 19:49:56');
INSERT INTO DimTrack (track_id, track_name, artist_id, album_name, duration_sec, release_date, updated_at) VALUES (28, 'Organized disintermediate throughput', 16, 'Still Album', 122, '2020-10-12', '2025-09-18 19:49:56');
INSERT INTO DimTrack (track_id, track_name, artist_id, album_name, duration_sec, release_date, updated_at) VALUES (29, 'Reactive scalable secured line', 15, 'A Album', 275, '2022-06-26', '2025-09-25 19:49:56');
INSERT INTO DimTrack (track_id, track_name, artist_id, album_name, duration_sec, release_date, updated_at) VALUES (30, 'Progressive even-keeled methodology', 46, 'Happy Album', 178, '2023-01-12', '2025-10-05 19:49:56');
INSERT INTO DimTrack (track_id, track_name, artist_id, album_name, duration_sec, release_date, updated_at) VALUES (31, 'Reduced heuristic workforce', 25, 'Just Album', 129, '2024-07-03', '2025-10-02 19:49:56');
INSERT INTO DimTrack (track_id, track_name, artist_id, album_name, duration_sec, release_date, updated_at) VALUES (32, 'Stand-alone explicit workforce', 10, 'Hour Album', 107, '2022-01-18', '2025-10-02 19:49:56');
INSERT INTO DimTrack (track_id, track_name, artist_id, album_name, duration_sec, release_date, updated_at) VALUES (33, 'Open-architected bandwidth-monitored adapter', 15, 'Represent Album', 322, '2024-12-31', '2025-09-22 19:49:56');
INSERT INTO DimTrack (track_id, track_name, artist_id, album_name, duration_sec, release_date, updated_at) VALUES (34, 'Triple-buffered radical time-frame', 43, 'Market Album', 237, '2025-01-06', '2025-09-21 19:49:56');
INSERT INTO DimTrack (track_id, track_name, artist_id, album_name, duration_sec, release_date, updated_at) VALUES (35, 'Profit-focused mobile hierarchy', 3, 'Similar Album', 300, '2024-05-08', '2025-09-15 19:49:56');
INSERT INTO DimTrack (track_id, track_name, artist_id, album_name, duration_sec, release_date, updated_at) VALUES (36, 'Advanced logistical parallelism', 15, 'Other Album', 279, '2023-07-02', '2025-09-10 19:49:56');
INSERT INTO DimTrack (track_id, track_name, artist_id, album_name, duration_sec, release_date, updated_at) VALUES (37, 'Reduced national leverage', 12, 'Nation Album', 294, '2024-04-03', '2025-10-05 19:49:56');
INSERT INTO DimTrack (track_id, track_name, artist_id, album_name, duration_sec, release_date, updated_at) VALUES (38, 'Enhanced disintermediate hierarchy', 29, 'Miss Album', 216, '2025-02-02', '2025-09-26 19:49:56');
INSERT INTO DimTrack (track_id, track_name, artist_id, album_name, duration_sec, release_date, updated_at) VALUES (39, 'Multi-tiered systemic project', 14, 'Remain Album', 216, '2022-06-18', '2025-09-20 19:49:56');
INSERT INTO DimTrack (track_id, track_name, artist_id, album_name, duration_sec, release_date, updated_at) VALUES (40, 'Object-based 3rdgeneration solution', 24, 'Community Album', 187, '2021-08-24', '2025-10-05 19:49:56');
INSERT INTO DimTrack (track_id, track_name, artist_id, album_name, duration_sec, release_date, updated_at) VALUES (41, 'Visionary discrete customer loyalty', 28, 'Low Album', 214, '2022-10-31', '2025-09-14 19:49:56');
INSERT INTO DimTrack (track_id, track_name, artist_id, album_name, duration_sec, release_date, updated_at) VALUES (42, 'Streamlined bifurcated encoding', 38, 'There Album', 285, '2023-03-27', '2025-09-10 19:49:56');
INSERT INTO DimTrack (track_id, track_name, artist_id, album_name, duration_sec, release_date, updated_at) VALUES (43, 'Synergized dynamic application', 34, 'Any Album', 174, '2022-05-17', '2025-09-26 19:49:56');
INSERT INTO DimTrack (track_id, track_name, artist_id, album_name, duration_sec, release_date, updated_at) VALUES (44, 'Multi-tiered real-time policy', 42, 'First Album', 335, '2021-01-29', '2025-09-27 19:49:56');
INSERT INTO DimTrack (track_id, track_name, artist_id, album_name, duration_sec, release_date, updated_at) VALUES (45, 'Front-line directional focus group', 18, 'Dog Album', 255, '2021-01-20', '2025-09-08 19:49:56');
INSERT INTO DimTrack (track_id, track_name, artist_id, album_name, duration_sec, release_date, updated_at) VALUES (46, 'Team-oriented even-keeled firmware', 9, 'Owner Album', 303, '2024-03-22', '2025-10-07 19:49:56');
INSERT INTO DimTrack (track_id, track_name, artist_id, album_name, duration_sec, release_date, updated_at) VALUES (47, 'Persistent 5thgeneration leverage', 32, 'Pressure Album', 284, '2021-12-24', '2025-09-26 19:49:56');
INSERT INTO DimTrack (track_id, track_name, artist_id, album_name, duration_sec, release_date, updated_at) VALUES (48, 'Horizontal 3rdgeneration Internet solution', 21, 'While Album', 150, '2022-06-08', '2025-09-25 19:49:56');
INSERT INTO DimTrack (track_id, track_name, artist_id, album_name, duration_sec, release_date, updated_at) VALUES (49, 'Optional tangible algorithm', 47, 'Among Album', 317, '2021-12-16', '2025-10-05 19:49:56');
INSERT INTO DimTrack (track_id, track_name, artist_id, album_name, duration_sec, release_date, updated_at) VALUES (50, 'Business-focused 24hour paradigm', 40, 'Expert Album', 342, '2022-04-14', '2025-09-26 19:49:56');

-- DimUser
INSERT INTO DimUser (user_id, user_name, country, subscription_type, start_date, end_date, updated_at) VALUES (379, 'Susan King', 'Dominican Republic', 'Premium', '2024-05-09', NULL, '2025-10-07 19:49:56');
INSERT INTO DimUser (user_id, user_name, country, subscription_type, start_date, end_date, updated_at) VALUES (372, 'Tyler Oconnell', 'Venezuela', 'Premium', '2025-05-18', NULL, '2025-10-07 19:49:56');
INSERT INTO DimUser (user_id, user_name, country, subscription_type, start_date, end_date, updated_at) VALUES (58, 'Christopher Martinez', 'Georgia', 'Premium', '2025-03-23', NULL, '2025-10-07 19:49:56');
INSERT INTO DimUser (user_id, user_name, country, subscription_type, start_date, end_date, updated_at) VALUES (138, 'Courtney Deleon', 'Equatorial Guinea', 'Premium', '2025-02-03', NULL, '2025-10-07 19:49:56');
INSERT INTO DimUser (user_id, user_name, country, subscription_type, start_date, end_date, updated_at) VALUES (44, 'Michael Wood', 'Israel', 'Premium', '2024-05-05', NULL, '2025-10-07 19:49:56');
INSERT INTO DimUser (user_id, user_name, country, subscription_type, start_date, end_date, updated_at) VALUES (435, 'Mallory Garcia', 'Saudi Arabia', 'Premium', '2024-07-19', NULL, '2025-10-07 19:49:56');
INSERT INTO DimUser (user_id, user_name, country, subscription_type, start_date, end_date, updated_at) VALUES (491, 'Dylan Holmes', 'Canada', 'Premium', '2024-03-07', NULL, '2025-10-07 19:49:56');
INSERT INTO DimUser (user_id, user_name, country, subscription_type, start_date, end_date, updated_at) VALUES (85, 'Lisa Sherman', 'Japan', 'Premium', '2024-01-31', NULL, '2025-10-07 19:49:56');
INSERT INTO DimUser (user_id, user_name, country, subscription_type, start_date, end_date, updated_at) VALUES (105, 'Dana Martinez', 'Guam', 'Premium', '2025-05-31', NULL, '2025-10-07 19:49:56');
INSERT INTO DimUser (user_id, user_name, country, subscription_type, start_date, end_date, updated_at) VALUES (204, 'Jordan Wright', 'Uganda', 'Premium', '2025-03-20', NULL, '2025-10-07 19:49:56');
INSERT INTO DimUser (user_id, user_name, country, subscription_type, start_date, end_date, updated_at) VALUES (493, 'Justin Kaufman', 'Netherlands', 'Premium', '2025-08-19', NULL, '2025-10-07 19:49:56');
INSERT INTO DimUser (user_id, user_name, country, subscription_type, start_date, end_date, updated_at) VALUES (292, 'Bradley Hughes', 'Liechtenstein', 'Premium', '2025-07-23', NULL, '2025-10-07 19:49:56');
INSERT INTO DimUser (user_id, user_name, country, subscription_type, start_date, end_date, updated_at) VALUES (64, 'Clarence Figueroa', 'Papua New Guinea', 'Premium', '2024-09-09', NULL, '2025-10-07 19:49:56');
INSERT INTO DimUser (user_id, user_name, country, subscription_type, start_date, end_date, updated_at) VALUES (77, 'Erica Dunn', 'Central African Republic', 'Premium', '2023-10-28', NULL, '2025-10-07 19:49:56');
INSERT INTO DimUser (user_id, user_name, country, subscription_type, start_date, end_date, updated_at) VALUES (63, 'Kyle Khan', 'Australia', 'Premium', '2024-02-20', NULL, '2025-10-07 19:49:56');
INSERT INTO DimUser (user_id, user_name, country, subscription_type, start_date, end_date, updated_at) VALUES (78, 'Alexander Hunter', 'Suriname', 'Premium', '2024-07-11', NULL, '2025-10-07 19:49:56');
INSERT INTO DimUser (user_id, user_name, country, subscription_type, start_date, end_date, updated_at) VALUES (126, 'Kayla Sullivan', 'Montserrat', 'Premium', '2024-01-19', NULL, '2025-10-07 19:49:56');
INSERT INTO DimUser (user_id, user_name, country, subscription_type, start_date, end_date, updated_at) VALUES (483, 'Kelly Simmons', 'Hong Kong', 'Premium', '2024-01-10', NULL, '2025-10-07 19:49:56');
INSERT INTO DimUser (user_id, user_name, country, subscription_type, start_date, end_date, updated_at) VALUES (460, 'Brett Lopez', 'Brunei Darussalam', 'Premium', '2024-01-03', NULL, '2025-10-07 19:49:56');
INSERT INTO DimUser (user_id, user_name, country, subscription_type, start_date, end_date, updated_at) VALUES (480, 'Jacqueline Carter', 'Gabon', 'Premium', '2025-04-23', NULL, '2025-10-07 19:49:56');

-- FactStream
INSERT INTO FactStream (stream_id, user_id, track_id, date_key, listen_duration, device_type, stream_timestamp) VALUES (1, 2, 112, 20241231, 148, 'Desktop', '2025-09-28 19:49:56');
INSERT INTO FactStream (stream_id, user_id, track_id, date_key, listen_duration, device_type, stream_timestamp) VALUES (2, 153, 385, 20241124, 99, 'Smart Speaker', '2025-10-04 19:49:56');
INSERT INTO FactStream (stream_id, user_id, track_id, date_key, listen_duration, device_type, stream_timestamp) VALUES (3, 472, 338, 20241106, 242, 'Smart Speaker', '2025-09-30 19:49:56');
INSERT INTO FactStream (stream_id, user_id, track_id, date_key, listen_duration, device_type, stream_timestamp) VALUES (4, 418, 438, 20250105, 194, 'Smart Speaker', '2025-10-06 19:49:56');
INSERT INTO FactStream (stream_id, user_id, track_id, date_key, listen_duration, device_type, stream_timestamp) VALUES (5, 498, 75, 20241105, 198, 'Mobile', '2025-10-02 19:49:56');
INSERT INTO FactStream (stream_id, user_id, track_id, date_key, listen_duration, device_type, stream_timestamp) VALUES (6, 79, 144, 20250706, 43, 'Smart Speaker', '2025-10-02 19:49:56');
INSERT INTO FactStream (stream_id, user_id, track_id, date_key, listen_duration, device_type, stream_timestamp) VALUES (7, 89, 177, 20250924, 130, 'Smart Speaker', '2025-09-28 19:49:56');
INSERT INTO FactStream (stream_id, user_id, track_id, date_key, listen_duration, device_type, stream_timestamp) VALUES (8, 113, 440, 20250320, 81, 'Mobile', '2025-10-01 19:49:56');
INSERT INTO FactStream (stream_id, user_id, track_id, date_key, listen_duration, device_type, stream_timestamp) VALUES (9, 383, 364, 20250120, 249, 'Desktop', '2025-09-28 19:49:56');
INSERT INTO FactStream (stream_id, user_id, track_id, date_key, listen_duration, device_type, stream_timestamp) VALUES (10, 387, 477, 20250812, 227, 'Mobile', '2025-09-29 19:49:56');
INSERT INTO FactStream (stream_id, user_id, track_id, date_key, listen_duration, device_type, stream_timestamp) VALUES (11, 356, 446, 20250827, 143, 'Desktop', '2025-10-03 19:49:56');
INSERT INTO FactStream (stream_id, user_id, track_id, date_key, listen_duration, device_type, stream_timestamp) VALUES (12, 110, 318, 20241109, 134, 'Smart Speaker', '2025-10-06 19:49:56');
INSERT INTO FactStream (stream_id, user_id, track_id, date_key, listen_duration, device_type, stream_timestamp) VALUES (13, 13, 307, 20250729, 45, 'Smart Speaker', '2025-09-27 19:49:56');
INSERT INTO FactStream (stream_id, user_id, track_id, date_key, listen_duration, device_type, stream_timestamp) VALUES (14, 166, 175, 20250619, 56, 'Desktop', '2025-09-30 19:49:56');
INSERT INTO FactStream (stream_id, user_id, track_id, date_key, listen_duration, device_type, stream_timestamp) VALUES (15, 421, 216, 20250214, 210, 'Smart Speaker', '2025-10-06 19:49:56');
INSERT INTO FactStream (stream_id, user_id, track_id, date_key, listen_duration, device_type, stream_timestamp) VALUES (16, 174, 480, 20241112, 97, 'Smart Speaker', '2025-09-27 19:49:56');
INSERT INTO FactStream (stream_id, user_id, track_id, date_key, listen_duration, device_type, stream_timestamp) VALUES (17, 111, 102, 20250720, 26, 'Desktop', '2025-10-02 19:49:56');
INSERT INTO FactStream (stream_id, user_id, track_id, date_key, listen_duration, device_type, stream_timestamp) VALUES (18, 364, 253, 20241106, 143, 'Smart Speaker', '2025-09-28 19:49:56');
INSERT INTO FactStream (stream_id, user_id, track_id, date_key, listen_duration, device_type, stream_timestamp) VALUES (19, 222, 4, 20250618, 157, 'Desktop', '2025-10-04 19:49:56');
INSERT INTO FactStream (stream_id, user_id, track_id, date_key, listen_duration, device_type, stream_timestamp) VALUES (20, 380, 251, 20250910, 23, 'Smart Speaker', '2025-10-07 19:49:56');
INSERT INTO FactStream (stream_id, user_id, track_id, date_key, listen_duration, device_type, stream_timestamp) VALUES (21, 427, 434, 20250731, 58, 'Smart Speaker', '2025-09-29 19:49:56');
INSERT INTO FactStream (stream_id, user_id, track_id, date_key, listen_duration, device_type, stream_timestamp) VALUES (22, 320, 126, 20250507, 35, 'Desktop', '2025-09-28 19:49:56');
INSERT INTO FactStream (stream_id, user_id, track_id, date_key, listen_duration, device_type, stream_timestamp) VALUES (23, 153, 264, 20250708, 90, 'Desktop', '2025-10-02 19:49:56');
INSERT INTO FactStream (stream_id, user_id, track_id, date_key, listen_duration, device_type, stream_timestamp) VALUES (24, 65, 416, 20250417, 90, 'Smart Speaker', '2025-09-28 19:49:56');
INSERT INTO FactStream (stream_id, user_id, track_id, date_key, listen_duration, device_type, stream_timestamp) VALUES (25, 121, 348, 20241106, 77, 'Smart Speaker', '2025-10-07 19:49:56');
INSERT INTO FactStream (stream_id, user_id, track_id, date_key, listen_duration, device_type, stream_timestamp) VALUES (26, 367, 212, 20250130, 206, 'Smart Speaker', '2025-10-04 19:49:56');
INSERT INTO FactStream (stream_id, user_id, track_id, date_key, listen_duration, device_type, stream_timestamp) VALUES (27, 44, 175, 20241024, 51, 'Desktop', '2025-10-06 19:49:56');
INSERT INTO FactStream (stream_id, user_id, track_id, date_key, listen_duration, device_type, stream_timestamp) VALUES (28, 70, 433, 20250828, 93, 'Mobile', '2025-10-04 19:49:56');
INSERT INTO FactStream (stream_id, user_id, track_id, date_key, listen_duration, device_type, stream_timestamp) VALUES (29, 403, 18, 20241019, 204, 'Mobile', '2025-10-07 19:49:56');
INSERT INTO FactStream (stream_id, user_id, track_id, date_key, listen_duration, device_type, stream_timestamp) VALUES (30, 49, 231, 20251003, 309, 'Mobile', '2025-09-29 19:49:56');
INSERT INTO FactStream (stream_id, user_id, track_id, date_key, listen_duration, device_type, stream_timestamp) VALUES (31, 377, 402, 20250515, 227, 'Desktop', '2025-10-03 19:49:56');
INSERT INTO FactStream (stream_id, user_id, track_id, date_key, listen_duration, device_type, stream_timestamp) VALUES (32, 367, 396, 20250309, 177, 'Smart Speaker', '2025-10-03 19:49:56');
INSERT INTO FactStream (stream_id, user_id, track_id, date_key, listen_duration, device_type, stream_timestamp) VALUES (33, 126, 382, 20250608, 207, 'Smart Speaker', '2025-10-01 19:49:56');
INSERT INTO FactStream (stream_id, user_id, track_id, date_key, listen_duration, device_type, stream_timestamp) VALUES (34, 28, 499, 20250920, 264, 'Smart Speaker', '2025-09-29 19:49:56');
INSERT INTO FactStream (stream_id, user_id, track_id, date_key, listen_duration, device_type, stream_timestamp) VALUES (35, 291, 273, 20250227, 299, 'Smart Speaker', '2025-09-27 19:49:56');
INSERT INTO FactStream (stream_id, user_id, track_id, date_key, listen_duration, device_type, stream_timestamp) VALUES (36, 301, 287, 20250125, 168, 'Desktop', '2025-09-30 19:49:56');
INSERT INTO FactStream (stream_id, user_id, track_id, date_key, listen_duration, device_type, stream_timestamp) VALUES (37, 46, 268, 20250623, 307, 'Desktop', '2025-09-29 19:49:56');
INSERT INTO FactStream (stream_id, user_id, track_id, date_key, listen_duration, device_type, stream_timestamp) VALUES (38, 466, 146, 20250728, 86, 'Smart Speaker', '2025-10-02 19:49:56');
INSERT INTO FactStream (stream_id, user_id, track_id, date_key, listen_duration, device_type, stream_timestamp) VALUES (39, 205, 470, 20241025, 38, 'Desktop', '2025-09-27 19:49:56');
INSERT INTO FactStream (stream_id, user_id, track_id, date_key, listen_duration, device_type, stream_timestamp) VALUES (40, 52, 270, 20250315, 178, 'Mobile', '2025-09-28 19:49:56');
INSERT INTO FactStream (stream_id, user_id, track_id, date_key, listen_duration, device_type, stream_timestamp) VALUES (41, 493, 340, 20250908, 299, 'Desktop', '2025-10-02 19:49:56');
INSERT INTO FactStream (stream_id, user_id, track_id, date_key, listen_duration, device_type, stream_timestamp) VALUES (42, 254, 229, 20250627, 15, 'Mobile', '2025-09-29 19:49:56');
INSERT INTO FactStream (stream_id, user_id, track_id, date_key, listen_duration, device_type, stream_timestamp) VALUES (43, 468, 35, 20250524, 182, 'Smart Speaker', '2025-10-03 19:49:56');
INSERT INTO FactStream (stream_id, user_id, track_id, date_key, listen_duration, device_type, stream_timestamp) VALUES (44, 368, 22, 20250328, 58, 'Smart Speaker', '2025-10-02 19:49:56');
INSERT INTO FactStream (stream_id, user_id, track_id, date_key, listen_duration, device_type, stream_timestamp) VALUES (45, 321, 385, 20250223, 206, 'Mobile', '2025-09-28 19:49:56');
INSERT INTO FactStream (stream_id, user_id, track_id, date_key, listen_duration, device_type, stream_timestamp) VALUES (46, 107, 181, 20250804, 208, 'Desktop', '2025-09-27 19:49:56');
INSERT INTO FactStream (stream_id, user_id, track_id, date_key, listen_duration, device_type, stream_timestamp) VALUES (47, 423, 393, 20241121, 69, 'Mobile', '2025-09-27 19:49:56');
INSERT INTO FactStream (stream_id, user_id, track_id, date_key, listen_duration, device_type, stream_timestamp) VALUES (48, 385, 274, 20250314, 47, 'Smart Speaker', '2025-09-30 19:49:56');
INSERT INTO FactStream (stream_id, user_id, track_id, date_key, listen_duration, device_type, stream_timestamp) VALUES (49, 217, 22, 20241025, 77, 'Desktop', '2025-10-01 19:49:56');
INSERT INTO FactStream (stream_id, user_id, track_id, date_key, listen_duration, device_type, stream_timestamp) VALUES (50, 315, 305, 20250512, 22, 'Mobile', '2025-09-29 19:49:56');
INSERT INTO FactStream (stream_id, user_id, track_id, date_key, listen_duration, device_type, stream_timestamp) VALUES (51, 163, 117, 20250324, 199, 'Mobile', '2025-10-04 19:49:56');
INSERT INTO FactStream (stream_id, user_id, track_id, date_key, listen_duration, device_type, stream_timestamp) VALUES (52, 425, 476, 20250820, 21, 'Mobile', '2025-09-27 19:49:56');
INSERT INTO FactStream (stream_id, user_id, track_id, date_key, listen_duration, device_type, stream_timestamp) VALUES (53, 30, 349, 20250903, 291, 'Smart Speaker', '2025-09-29 19:49:56');
INSERT INTO FactStream (stream_id, user_id, track_id, date_key, listen_duration, device_type, stream_timestamp) VALUES (54, 159, 434, 20250624, 15, 'Desktop', '2025-10-07 19:49:56');
INSERT INTO FactStream (stream_id, user_id, track_id, date_key, listen_duration, device_type, stream_timestamp) VALUES (55, 317, 261, 20241222, 301, 'Mobile', '2025-10-04 19:49:56');
INSERT INTO FactStream (stream_id, user_id, track_id, date_key, listen_duration, device_type, stream_timestamp) VALUES (56, 70, 299, 20250430, 78, 'Desktop', '2025-10-07 19:49:56');
INSERT INTO FactStream (stream_id, user_id, track_id, date_key, listen_duration, device_type, stream_timestamp) VALUES (57, 275, 16, 20250425, 234, 'Smart Speaker', '2025-10-06 19:49:56');
INSERT INTO FactStream (stream_id, user_id, track_id, date_key, listen_duration, device_type, stream_timestamp) VALUES (58, 229, 52, 20250129, 254, 'Mobile', '2025-10-02 19:49:56');
INSERT INTO FactStream (stream_id, user_id, track_id, date_key, listen_duration, device_type, stream_timestamp) VALUES (59, 279, 84, 20250222, 71, 'Desktop', '2025-10-05 19:49:56');
INSERT INTO FactStream (stream_id, user_id, track_id, date_key, listen_duration, device_type, stream_timestamp) VALUES (60, 313, 364, 20250518, 160, 'Mobile', '2025-10-05 19:49:56');
INSERT INTO FactStream (stream_id, user_id, track_id, date_key, listen_duration, device_type, stream_timestamp) VALUES (61, 407, 411, 20250329, 22, 'Smart Speaker', '2025-09-30 19:49:56');
INSERT INTO FactStream (stream_id, user_id, track_id, date_key, listen_duration, device_type, stream_timestamp) VALUES (62, 298, 329, 20250820, 222, 'Desktop', '2025-10-07 19:49:56');
INSERT INTO FactStream (stream_id, user_id, track_id, date_key, listen_duration, device_type, stream_timestamp) VALUES (63, 455, 64, 20250513, 158, 'Desktop', '2025-10-05 19:49:56');
INSERT INTO FactStream (stream_id, user_id, track_id, date_key, listen_duration, device_type, stream_timestamp) VALUES (64, 292, 378, 20241231, 247, 'Mobile', '2025-10-05 19:49:56');
INSERT INTO FactStream (stream_id, user_id, track_id, date_key, listen_duration, device_type, stream_timestamp) VALUES (65, 120, 457, 20250505, 68, 'Mobile', '2025-10-04 19:49:56');
INSERT INTO FactStream (stream_id, user_id, track_id, date_key, listen_duration, device_type, stream_timestamp) VALUES (66, 97, 15, 20250807, 81, 'Desktop', '2025-10-02 19:49:56');
INSERT INTO FactStream (stream_id, user_id, track_id, date_key, listen_duration, device_type, stream_timestamp) VALUES (67, 455, 27, 20250919, 44, 'Smart Speaker', '2025-09-28 19:49:56');
INSERT INTO FactStream (stream_id, user_id, track_id, date_key, listen_duration, device_type, stream_timestamp) VALUES (68, 347, 232, 20241118, 209, 'Desktop', '2025-10-06 19:49:56');
INSERT INTO FactStream (stream_id, user_id, track_id, date_key, listen_duration, device_type, stream_timestamp) VALUES (69, 381, 75, 20250405, 194, 'Smart Speaker', '2025-10-05 19:49:56');
INSERT INTO FactStream (stream_id, user_id, track_id, date_key, listen_duration, device_type, stream_timestamp) VALUES (70, 420, 130, 20241029, 12, 'Mobile', '2025-10-02 19:49:56');
INSERT INTO FactStream (stream_id, user_id, track_id, date_key, listen_duration, device_type, stream_timestamp) VALUES (71, 280, 187, 20241210, 54, 'Smart Speaker', '2025-09-29 19:49:56');
INSERT INTO FactStream (stream_id, user_id, track_id, date_key, listen_duration, device_type, stream_timestamp) VALUES (72, 235, 232, 20250126, 139, 'Smart Speaker', '2025-09-30 19:49:56');
INSERT INTO FactStream (stream_id, user_id, track_id, date_key, listen_duration, device_type, stream_timestamp) VALUES (73, 106, 301, 20250105, 15, 'Smart Speaker', '2025-10-02 19:49:56');
INSERT INTO FactStream (stream_id, user_id, track_id, date_key, listen_duration, device_type, stream_timestamp) VALUES (74, 318, 458, 20241106, 103, 'Smart Speaker', '2025-09-30 19:49:56');
INSERT INTO FactStream (stream_id, user_id, track_id, date_key, listen_duration, device_type, stream_timestamp) VALUES (75, 228, 228, 20241008, 159, 'Mobile', '2025-09-30 19:49:56');
INSERT INTO FactStream (stream_id, user_id, track_id, date_key, listen_duration, device_type, stream_timestamp) VALUES (76, 105, 327, 20250516, 88, 'Mobile', '2025-10-01 19:49:56');
INSERT INTO FactStream (stream_id, user_id, track_id, date_key, listen_duration, device_type, stream_timestamp) VALUES (77, 128, 408, 20250323, 63, 'Mobile', '2025-10-05 19:49:56');
INSERT INTO FactStream (stream_id, user_id, track_id, date_key, listen_duration, device_type, stream_timestamp) VALUES (78, 476, 286, 20250723, 350, 'Mobile', '2025-09-28 19:49:56');
INSERT INTO FactStream (stream_id, user_id, track_id, date_key, listen_duration, device_type, stream_timestamp) VALUES (79, 213, 350, 20250528, 182, 'Desktop', '2025-09-30 19:49:56');
INSERT INTO FactStream (stream_id, user_id, track_id, date_key, listen_duration, device_type, stream_timestamp) VALUES (80, 71, 105, 20250612, 155, 'Desktop', '2025-10-05 19:49:56');
INSERT INTO FactStream (stream_id, user_id, track_id, date_key, listen_duration, device_type, stream_timestamp) VALUES (81, 348, 380, 20250419, 69, 'Desktop', '2025-09-27 19:49:56');
INSERT INTO FactStream (stream_id, user_id, track_id, date_key, listen_duration, device_type, stream_timestamp) VALUES (82, 129, 446, 20250921, 31, 'Mobile', '2025-10-04 19:49:56');
INSERT INTO FactStream (stream_id, user_id, track_id, date_key, listen_duration, device_type, stream_timestamp) VALUES (83, 45, 377, 20250131, 12, 'Smart Speaker', '2025-09-27 19:49:56');
INSERT INTO FactStream (stream_id, user_id, track_id, date_key, listen_duration, device_type, stream_timestamp) VALUES (84, 278, 105, 20250306, 134, 'Mobile', '2025-10-07 19:49:56');
INSERT INTO FactStream (stream_id, user_id, track_id, date_key, listen_duration, device_type, stream_timestamp) VALUES (85, 213, 395, 20250918, 308, 'Desktop', '2025-09-28 19:49:56');
INSERT INTO FactStream (stream_id, user_id, track_id, date_key, listen_duration, device_type, stream_timestamp) VALUES (86, 495, 92, 20250929, 58, 'Smart Speaker', '2025-10-01 19:49:56');
INSERT INTO FactStream (stream_id, user_id, track_id, date_key, listen_duration, device_type, stream_timestamp) VALUES (87, 310, 383, 20250706, 266, 'Mobile', '2025-09-29 19:49:56');
INSERT INTO FactStream (stream_id, user_id, track_id, date_key, listen_duration, device_type, stream_timestamp) VALUES (88, 81, 268, 20241205, 159, 'Mobile', '2025-10-06 19:49:56');
INSERT INTO FactStream (stream_id, user_id, track_id, date_key, listen_duration, device_type, stream_timestamp) VALUES (89, 77, 53, 20250908, 173, 'Mobile', '2025-10-06 19:49:56');
INSERT INTO FactStream (stream_id, user_id, track_id, date_key, listen_duration, device_type, stream_timestamp) VALUES (90, 304, 172, 20250404, 126, 'Smart Speaker', '2025-09-30 19:49:56');
INSERT INTO FactStream (stream_id, user_id, track_id, date_key, listen_duration, device_type, stream_timestamp) VALUES (91, 2, 174, 20250215, 125, 'Desktop', '2025-09-29 19:49:56');
INSERT INTO FactStream (stream_id, user_id, track_id, date_key, listen_duration, device_type, stream_timestamp) VALUES (92, 314, 389, 20250607, 43, 'Smart Speaker', '2025-10-07 19:49:56');
INSERT INTO FactStream (stream_id, user_id, track_id, date_key, listen_duration, device_type, stream_timestamp) VALUES (93, 450, 136, 20250624, 87, 'Smart Speaker', '2025-09-28 19:49:56');
INSERT INTO FactStream (stream_id, user_id, track_id, date_key, listen_duration, device_type, stream_timestamp) VALUES (94, 57, 134, 20241111, 17, 'Mobile', '2025-10-05 19:49:56');
INSERT INTO FactStream (stream_id, user_id, track_id, date_key, listen_duration, device_type, stream_timestamp) VALUES (95, 182, 44, 20250801, 46, 'Desktop', '2025-09-29 19:49:56');
INSERT INTO FactStream (stream_id, user_id, track_id, date_key, listen_duration, device_type, stream_timestamp) VALUES (96, 117, 310, 20250716, 87, 'Smart Speaker', '2025-09-29 19:49:56');
INSERT INTO FactStream (stream_id, user_id, track_id, date_key, listen_duration, device_type, stream_timestamp) VALUES (97, 426, 245, 20250502, 135, 'Mobile', '2025-10-06 19:49:56');
INSERT INTO FactStream (stream_id, user_id, track_id, date_key, listen_duration, device_type, stream_timestamp) VALUES (98, 462, 408, 20250215, 110, 'Mobile', '2025-10-01 19:49:56');
INSERT INTO FactStream (stream_id, user_id, track_id, date_key, listen_duration, device_type, stream_timestamp) VALUES (99, 215, 222, 20241021, 187, 'Mobile', '2025-09-28 19:49:56');
INSERT INTO FactStream (stream_id, user_id, track_id, date_key, listen_duration, device_type, stream_timestamp) VALUES (100, 366, 302, 20250112, 13, 'Mobile', '2025-10-02 19:49:56');
INSERT INTO FactStream (stream_id, user_id, track_id, date_key, listen_duration, device_type, stream_timestamp) VALUES (101, 314, 145, 20250705, 24, 'Desktop', '2025-09-29 19:49:56');
INSERT INTO FactStream (stream_id, user_id, track_id, date_key, listen_duration, device_type, stream_timestamp) VALUES (102, 496, 295, 20250411, 146, 'Smart Speaker', '2025-09-27 19:49:56');
INSERT INTO FactStream (stream_id, user_id, track_id, date_key, listen_duration, device_type, stream_timestamp) VALUES (103, 237, 209, 20250711, 93, 'Desktop', '2025-09-30 19:49:56');
INSERT INTO FactStream (stream_id, user_id, track_id, date_key, listen_duration, device_type, stream_timestamp) VALUES (104, 496, 464, 20250406, 128, 'Mobile', '2025-10-02 19:49:56');
INSERT INTO FactStream (stream_id, user_id, track_id, date_key, listen_duration, device_type, stream_timestamp) VALUES (105, 45, 312, 20250413, 45, 'Smart Speaker', '2025-10-04 19:49:56');
INSERT INTO FactStream (stream_id, user_id, track_id, date_key, listen_duration, device_type, stream_timestamp) VALUES (106, 442, 9, 20241017, 193, 'Desktop', '2025-09-30 19:49:56');
INSERT INTO FactStream (stream_id, user_id, track_id, date_key, listen_duration, device_type, stream_timestamp) VALUES (107, 383, 147, 20241210, 116, 'Mobile', '2025-09-30 19:49:56');
INSERT INTO FactStream (stream_id, user_id, track_id, date_key, listen_duration, device_type, stream_timestamp) VALUES (108, 203, 69, 20250719, 76, 'Mobile', '2025-09-29 19:49:56');
INSERT INTO FactStream (stream_id, user_id, track_id, date_key, listen_duration, device_type, stream_timestamp) VALUES (109, 198, 13, 20250326, 161, 'Desktop', '2025-09-28 19:49:56');
INSERT INTO FactStream (stream_id, user_id, track_id, date_key, listen_duration, device_type, stream_timestamp) VALUES (110, 292, 407, 20250708, 66, 'Desktop', '2025-10-03 19:49:56');
INSERT INTO FactStream (stream_id, user_id, track_id, date_key, listen_duration, device_type, stream_timestamp) VALUES (111, 400, 202, 20241123, 288, 'Desktop', '2025-10-05 19:49:56');
INSERT INTO FactStream (stream_id, user_id, track_id, date_key, listen_duration, device_type, stream_timestamp) VALUES (112, 243, 314, 20250304, 152, 'Smart Speaker', '2025-10-07 19:49:56');
INSERT INTO FactStream (stream_id, user_id, track_id, date_key, listen_duration, device_type, stream_timestamp) VALUES (113, 423, 458, 20250308, 89, 'Smart Speaker', '2025-10-05 19:49:56');
INSERT INTO FactStream (stream_id, user_id, track_id, date_key, listen_duration, device_type, stream_timestamp) VALUES (114, 412, 281, 20250208, 86, 'Mobile', '2025-09-29 19:49:56');
INSERT INTO FactStream (stream_id, user_id, track_id, date_key, listen_duration, device_type, stream_timestamp) VALUES (115, 408, 150, 20250311, 149, 'Mobile', '2025-10-05 19:49:56');
INSERT INTO FactStream (stream_id, user_id, track_id, date_key, listen_duration, device_type, stream_timestamp) VALUES (116, 113, 374, 20250822, 224, 'Smart Speaker', '2025-10-01 19:49:56');
INSERT INTO FactStream (stream_id, user_id, track_id, date_key, listen_duration, device_type, stream_timestamp) VALUES (117, 486, 410, 20250316, 17, 'Smart Speaker', '2025-10-06 19:49:56');
INSERT INTO FactStream (stream_id, user_id, track_id, date_key, listen_duration, device_type, stream_timestamp) VALUES (118, 382, 180, 20250310, 132, 'Mobile', '2025-09-27 19:49:56');
INSERT INTO FactStream (stream_id, user_id, track_id, date_key, listen_duration, device_type, stream_timestamp) VALUES (119, 11, 163, 20250423, 184, 'Desktop', '2025-10-02 19:49:56');
INSERT INTO FactStream (stream_id, user_id, track_id, date_key, listen_duration, device_type, stream_timestamp) VALUES (120, 270, 379, 20250110, 211, 'Smart Speaker', '2025-09-29 19:49:56');
INSERT INTO FactStream (stream_id, user_id, track_id, date_key, listen_duration, device_type, stream_timestamp) VALUES (121, 174, 416, 20250320, 18, 'Smart Speaker', '2025-09-28 19:49:56');
INSERT INTO FactStream (stream_id, user_id, track_id, date_key, listen_duration, device_type, stream_timestamp) VALUES (122, 361, 211, 20251004, 66, 'Mobile', '2025-10-05 19:49:56');
INSERT INTO FactStream (stream_id, user_id, track_id, date_key, listen_duration, device_type, stream_timestamp) VALUES (123, 85, 254, 20250711, 77, 'Mobile', '2025-10-01 19:49:56');
INSERT INTO FactStream (stream_id, user_id, track_id, date_key, listen_duration, device_type, stream_timestamp) VALUES (124, 24, 487, 20250819, 62, 'Smart Speaker', '2025-10-06 19:49:56');
INSERT INTO FactStream (stream_id, user_id, track_id, date_key, listen_duration, device_type, stream_timestamp) VALUES (125, 153, 99, 20250212, 61, 'Smart Speaker', '2025-09-27 19:49:56');
INSERT INTO FactStream (stream_id, user_id, track_id, date_key, listen_duration, device_type, stream_timestamp) VALUES (126, 171, 216, 20250619, 63, 'Mobile', '2025-09-30 19:49:56');
INSERT INTO FactStream (stream_id, user_id, track_id, date_key, listen_duration, device_type, stream_timestamp) VALUES (127, 450, 351, 20250111, 229, 'Desktop', '2025-09-28 19:49:56');
INSERT INTO FactStream (stream_id, user_id, track_id, date_key, listen_duration, device_type, stream_timestamp) VALUES (128, 220, 360, 20250618, 141, 'Smart Speaker', '2025-10-06 19:49:56');
INSERT INTO FactStream (stream_id, user_id, track_id, date_key, listen_duration, device_type, stream_timestamp) VALUES (129, 318, 179, 20250412, 82, 'Desktop', '2025-10-02 19:49:56');
INSERT INTO FactStream (stream_id, user_id, track_id, date_key, listen_duration, device_type, stream_timestamp) VALUES (130, 371, 335, 20250107, 62, 'Smart Speaker', '2025-10-05 19:49:56');
INSERT INTO FactStream (stream_id, user_id, track_id, date_key, listen_duration, device_type, stream_timestamp) VALUES (131, 54, 66, 20241214, 68, 'Mobile', '2025-09-29 19:49:56');
INSERT INTO FactStream (stream_id, user_id, track_id, date_key, listen_duration, device_type, stream_timestamp) VALUES (132, 147, 188, 20250326, 87, 'Smart Speaker', '2025-10-03 19:49:56');
INSERT INTO FactStream (stream_id, user_id, track_id, date_key, listen_duration, device_type, stream_timestamp) VALUES (133, 415, 101, 20250628, 40, 'Desktop', '2025-10-07 19:49:56');
INSERT INTO FactStream (stream_id, user_id, track_id, date_key, listen_duration, device_type, stream_timestamp) VALUES (134, 187, 400, 20250301, 66, 'Mobile', '2025-10-04 19:49:56');
INSERT INTO FactStream (stream_id, user_id, track_id, date_key, listen_duration, device_type, stream_timestamp) VALUES (135, 183, 299, 20250523, 47, 'Mobile', '2025-09-28 19:49:56');
INSERT INTO FactStream (stream_id, user_id, track_id, date_key, listen_duration, device_type, stream_timestamp) VALUES (136, 408, 437, 20250702, 80, 'Desktop', '2025-10-03 19:49:56');
INSERT INTO FactStream (stream_id, user_id, track_id, date_key, listen_duration, device_type, stream_timestamp) VALUES (137, 444, 301, 20250410, 281, 'Smart Speaker', '2025-10-02 19:49:56');
INSERT INTO FactStream (stream_id, user_id, track_id, date_key, listen_duration, device_type, stream_timestamp) VALUES (138, 30, 198, 20250920, 110, 'Desktop', '2025-10-02 19:49:56');
INSERT INTO FactStream (stream_id, user_id, track_id, date_key, listen_duration, device_type, stream_timestamp) VALUES (139, 366, 494, 20241019, 69, 'Mobile', '2025-09-30 19:49:56');
INSERT INTO FactStream (stream_id, user_id, track_id, date_key, listen_duration, device_type, stream_timestamp) VALUES (140, 203, 48, 20250909, 322, 'Desktop', '2025-09-27 19:49:56');
INSERT INTO FactStream (stream_id, user_id, track_id, date_key, listen_duration, device_type, stream_timestamp) VALUES (141, 394, 457, 20250314, 198, 'Desktop', '2025-10-04 19:49:56');
INSERT INTO FactStream (stream_id, user_id, track_id, date_key, listen_duration, device_type, stream_timestamp) VALUES (142, 241, 352, 20241117, 178, 'Desktop', '2025-09-29 19:49:56');
INSERT INTO FactStream (stream_id, user_id, track_id, date_key, listen_duration, device_type, stream_timestamp) VALUES (143, 100, 80, 20250729, 251, 'Desktop', '2025-10-06 19:49:56');
INSERT INTO FactStream (stream_id, user_id, track_id, date_key, listen_duration, device_type, stream_timestamp) VALUES (144, 29, 470, 20250724, 158, 'Smart Speaker', '2025-09-28 19:49:56');
INSERT INTO FactStream (stream_id, user_id, track_id, date_key, listen_duration, device_type, stream_timestamp) VALUES (145, 199, 466, 20241215, 18, 'Smart Speaker', '2025-10-02 19:49:56');
INSERT INTO FactStream (stream_id, user_id, track_id, date_key, listen_duration, device_type, stream_timestamp) VALUES (146, 293, 137, 20250308, 72, 'Desktop', '2025-09-29 19:49:56');
INSERT INTO FactStream (stream_id, user_id, track_id, date_key, listen_duration, device_type, stream_timestamp) VALUES (147, 90, 197, 20250703, 118, 'Desktop', '2025-10-07 19:49:56');
INSERT INTO FactStream (stream_id, user_id, track_id, date_key, listen_duration, device_type, stream_timestamp) VALUES (148, 118, 66, 20250806, 203, 'Desktop', '2025-09-29 19:49:56');
INSERT INTO FactStream (stream_id, user_id, track_id, date_key, listen_duration, device_type, stream_timestamp) VALUES (149, 392, 191, 20250818, 25, 'Mobile', '2025-10-03 19:49:56');
INSERT INTO FactStream (stream_id, user_id, track_id, date_key, listen_duration, device_type, stream_timestamp) VALUES (150, 163, 470, 20250129, 10, 'Mobile', '2025-10-01 19:49:56');
INSERT INTO FactStream (stream_id, user_id, track_id, date_key, listen_duration, device_type, stream_timestamp) VALUES (151, 48, 36, 20250213, 205, 'Mobile', '2025-09-29 19:49:56');
INSERT INTO FactStream (stream_id, user_id, track_id, date_key, listen_duration, device_type, stream_timestamp) VALUES (152, 35, 80, 20250209, 243, 'Desktop', '2025-10-05 19:49:56');
INSERT INTO FactStream (stream_id, user_id, track_id, date_key, listen_duration, device_type, stream_timestamp) VALUES (153, 194, 237, 20241210, 64, 'Smart Speaker', '2025-09-29 19:49:56');
INSERT INTO FactStream (stream_id, user_id, track_id, date_key, listen_duration, device_type, stream_timestamp) VALUES (154, 257, 63, 20250113, 20, 'Desktop', '2025-10-01 19:49:56');
INSERT INTO FactStream (stream_id, user_id, track_id, date_key, listen_duration, device_type, stream_timestamp) VALUES (155, 26, 394, 20250331, 111, 'Smart Speaker', '2025-09-28 19:49:56');
INSERT INTO FactStream (stream_id, user_id, track_id, date_key, listen_duration, device_type, stream_timestamp) VALUES (156, 103, 342, 20241218, 335, 'Mobile', '2025-10-03 19:49:56');
INSERT INTO FactStream (stream_id, user_id, track_id, date_key, listen_duration, device_type, stream_timestamp) VALUES (157, 343, 16, 20241110, 125, 'Smart Speaker', '2025-10-02 19:49:56');
INSERT INTO FactStream (stream_id, user_id, track_id, date_key, listen_duration, device_type, stream_timestamp) VALUES (158, 441, 187, 20250204, 21, 'Desktop', '2025-09-27 19:49:56');
INSERT INTO FactStream (stream_id, user_id, track_id, date_key, listen_duration, device_type, stream_timestamp) VALUES (159, 171, 423, 20250320, 61, 'Mobile', '2025-09-28 19:49:56');
INSERT INTO FactStream (stream_id, user_id, track_id, date_key, listen_duration, device_type, stream_timestamp) VALUES (160, 161, 222, 20250702, 79, 'Mobile', '2025-10-04 19:49:56');
INSERT INTO FactStream (stream_id, user_id, track_id, date_key, listen_duration, device_type, stream_timestamp) VALUES (161, 10, 196, 20250414, 108, 'Smart Speaker', '2025-10-06 19:49:56');
INSERT INTO FactStream (stream_id, user_id, track_id, date_key, listen_duration, device_type, stream_timestamp) VALUES (162, 412, 278, 20250825, 199, 'Desktop', '2025-10-01 19:49:56');
INSERT INTO FactStream (stream_id, user_id, track_id, date_key, listen_duration, device_type, stream_timestamp) VALUES (163, 363, 363, 20250916, 64, 'Mobile', '2025-09-29 19:49:56');
INSERT INTO FactStream (stream_id, user_id, track_id, date_key, listen_duration, device_type, stream_timestamp) VALUES (164, 368, 42, 20250318, 192, 'Desktop', '2025-10-02 19:49:56');
INSERT INTO FactStream (stream_id, user_id, track_id, date_key, listen_duration, device_type, stream_timestamp) VALUES (165, 228, 450, 20241220, 11, 'Smart Speaker', '2025-09-28 19:49:56');
INSERT INTO FactStream (stream_id, user_id, track_id, date_key, listen_duration, device_type, stream_timestamp) VALUES (166, 398, 493, 20250719, 34, 'Desktop', '2025-10-03 19:49:56');
INSERT INTO FactStream (stream_id, user_id, track_id, date_key, listen_duration, device_type, stream_timestamp) VALUES (167, 18, 125, 20250805, 131, 'Smart Speaker', '2025-09-29 19:49:56');
INSERT INTO FactStream (stream_id, user_id, track_id, date_key, listen_duration, device_type, stream_timestamp) VALUES (168, 135, 39, 20241113, 151, 'Desktop', '2025-09-28 19:49:56');
INSERT INTO FactStream (stream_id, user_id, track_id, date_key, listen_duration, device_type, stream_timestamp) VALUES (169, 278, 139, 20241215, 29, 'Mobile', '2025-09-29 19:49:56');
INSERT INTO FactStream (stream_id, user_id, track_id, date_key, listen_duration, device_type, stream_timestamp) VALUES (170, 32, 421, 20250215, 180, 'Smart Speaker', '2025-10-07 19:49:56');
INSERT INTO FactStream (stream_id, user_id, track_id, date_key, listen_duration, device_type, stream_timestamp) VALUES (171, 283, 368, 20250728, 128, 'Mobile', '2025-10-06 19:49:56');
INSERT INTO FactStream (stream_id, user_id, track_id, date_key, listen_duration, device_type, stream_timestamp) VALUES (172, 207, 250, 20250112, 78, 'Mobile', '2025-10-02 19:49:56');
INSERT INTO FactStream (stream_id, user_id, track_id, date_key, listen_duration, device_type, stream_timestamp) VALUES (173, 81, 267, 20250104, 29, 'Smart Speaker', '2025-10-01 19:49:56');
INSERT INTO FactStream (stream_id, user_id, track_id, date_key, listen_duration, device_type, stream_timestamp) VALUES (174, 106, 117, 20250129, 12, 'Smart Speaker', '2025-09-30 19:49:56');
INSERT INTO FactStream (stream_id, user_id, track_id, date_key, listen_duration, device_type, stream_timestamp) VALUES (175, 264, 140, 20241024, 141, 'Smart Speaker', '2025-10-07 19:49:56');
INSERT INTO FactStream (stream_id, user_id, track_id, date_key, listen_duration, device_type, stream_timestamp) VALUES (176, 54, 164, 20241007, 103, 'Smart Speaker', '2025-09-27 19:49:56');
INSERT INTO FactStream (stream_id, user_id, track_id, date_key, listen_duration, device_type, stream_timestamp) VALUES (177, 384, 302, 20250928, 117, 'Smart Speaker', '2025-09-27 19:49:56');
INSERT INTO FactStream (stream_id, user_id, track_id, date_key, listen_duration, device_type, stream_timestamp) VALUES (178, 45, 323, 20241211, 105, 'Desktop', '2025-09-30 19:49:56');
INSERT INTO FactStream (stream_id, user_id, track_id, date_key, listen_duration, device_type, stream_timestamp) VALUES (179, 82, 133, 20250314, 93, 'Smart Speaker', '2025-10-06 19:49:56');
INSERT INTO FactStream (stream_id, user_id, track_id, date_key, listen_duration, device_type, stream_timestamp) VALUES (180, 423, 129, 20250418, 62, 'Smart Speaker', '2025-09-30 19:49:56');
INSERT INTO FactStream (stream_id, user_id, track_id, date_key, listen_duration, device_type, stream_timestamp) VALUES (181, 435, 164, 20241205, 14, 'Desktop', '2025-10-05 19:49:56');
INSERT INTO FactStream (stream_id, user_id, track_id, date_key, listen_duration, device_type, stream_timestamp) VALUES (182, 6, 66, 20241109, 212, 'Desktop', '2025-10-05 19:49:56');
INSERT INTO FactStream (stream_id, user_id, track_id, date_key, listen_duration, device_type, stream_timestamp) VALUES (183, 220, 451, 20250603, 156, 'Smart Speaker', '2025-09-28 19:49:56');
INSERT INTO FactStream (stream_id, user_id, track_id, date_key, listen_duration, device_type, stream_timestamp) VALUES (184, 165, 24, 20250419, 77, 'Desktop', '2025-09-28 19:49:56');
INSERT INTO FactStream (stream_id, user_id, track_id, date_key, listen_duration, device_type, stream_timestamp) VALUES (185, 391, 319, 20250130, 46, 'Smart Speaker', '2025-10-05 19:49:56');
INSERT INTO FactStream (stream_id, user_id, track_id, date_key, listen_duration, device_type, stream_timestamp) VALUES (186, 65, 296, 20250412, 194, 'Desktop', '2025-10-05 19:49:56');
INSERT INTO FactStream (stream_id, user_id, track_id, date_key, listen_duration, device_type, stream_timestamp) VALUES (187, 360, 130, 20241111, 17, 'Smart Speaker', '2025-09-28 19:49:56');
INSERT INTO FactStream (stream_id, user_id, track_id, date_key, listen_duration, device_type, stream_timestamp) VALUES (188, 462, 14, 20250513, 37, 'Desktop', '2025-09-27 19:49:56');
INSERT INTO FactStream (stream_id, user_id, track_id, date_key, listen_duration, device_type, stream_timestamp) VALUES (189, 256, 11, 20250518, 141, 'Smart Speaker', '2025-10-02 19:49:56');
INSERT INTO FactStream (stream_id, user_id, track_id, date_key, listen_duration, device_type, stream_timestamp) VALUES (190, 10, 470, 20250219, 58, 'Smart Speaker', '2025-09-30 19:49:56');
INSERT INTO FactStream (stream_id, user_id, track_id, date_key, listen_duration, device_type, stream_timestamp) VALUES (191, 374, 73, 20250118, 224, 'Desktop', '2025-10-01 19:49:56');
INSERT INTO FactStream (stream_id, user_id, track_id, date_key, listen_duration, device_type, stream_timestamp) VALUES (192, 322, 146, 20250510, 114, 'Smart Speaker', '2025-10-03 19:49:56');
INSERT INTO FactStream (stream_id, user_id, track_id, date_key, listen_duration, device_type, stream_timestamp) VALUES (193, 76, 311, 20250730, 161, 'Desktop', '2025-10-07 19:49:56');
INSERT INTO FactStream (stream_id, user_id, track_id, date_key, listen_duration, device_type, stream_timestamp) VALUES (194, 175, 424, 20241213, 101, 'Mobile', '2025-10-03 19:49:56');
INSERT INTO FactStream (stream_id, user_id, track_id, date_key, listen_duration, device_type, stream_timestamp) VALUES (195, 243, 475, 20250317, 84, 'Mobile', '2025-10-04 19:49:56');
INSERT INTO FactStream (stream_id, user_id, track_id, date_key, listen_duration, device_type, stream_timestamp) VALUES (196, 181, 336, 20250523, 263, 'Mobile', '2025-10-06 19:49:56');
INSERT INTO FactStream (stream_id, user_id, track_id, date_key, listen_duration, device_type, stream_timestamp) VALUES (197, 354, 46, 20250104, 250, 'Desktop', '2025-09-30 19:49:56');
INSERT INTO FactStream (stream_id, user_id, track_id, date_key, listen_duration, device_type, stream_timestamp) VALUES (198, 382, 496, 20250325, 220, 'Smart Speaker', '2025-10-04 19:49:56');
INSERT INTO FactStream (stream_id, user_id, track_id, date_key, listen_duration, device_type, stream_timestamp) VALUES (199, 207, 477, 20250529, 83, 'Mobile', '2025-09-30 19:49:56');
INSERT INTO FactStream (stream_id, user_id, track_id, date_key, listen_duration, device_type, stream_timestamp) VALUES (200, 17, 299, 20241204, 64, 'Mobile', '2025-10-07 19:49:56');
INSERT INTO FactStream (stream_id, user_id, track_id, date_key, listen_duration, device_type, stream_timestamp) VALUES (201, 263, 294, 20250819, 301, 'Desktop', '2025-09-29 19:49:56');
INSERT INTO FactStream (stream_id, user_id, track_id, date_key, listen_duration, device_type, stream_timestamp) VALUES (202, 244, 193, 20250108, 74, 'Mobile', '2025-10-02 19:49:56');
INSERT INTO FactStream (stream_id, user_id, track_id, date_key, listen_duration, device_type, stream_timestamp) VALUES (203, 258, 223, 20250103, 192, 'Mobile', '2025-09-30 19:49:56');
INSERT INTO FactStream (stream_id, user_id, track_id, date_key, listen_duration, device_type, stream_timestamp) VALUES (204, 195, 191, 20250306, 105, 'Smart Speaker', '2025-10-07 19:49:56');
INSERT INTO FactStream (stream_id, user_id, track_id, date_key, listen_duration, device_type, stream_timestamp) VALUES (205, 206, 247, 20250205, 29, 'Mobile', '2025-09-30 19:49:56');
INSERT INTO FactStream (stream_id, user_id, track_id, date_key, listen_duration, device_type, stream_timestamp) VALUES (206, 41, 84, 20241101, 150, 'Smart Speaker', '2025-09-28 19:49:56');
INSERT INTO FactStream (stream_id, user_id, track_id, date_key, listen_duration, device_type, stream_timestamp) VALUES (207, 441, 353, 20250729, 105, 'Smart Speaker', '2025-10-05 19:49:56');
INSERT INTO FactStream (stream_id, user_id, track_id, date_key, listen_duration, device_type, stream_timestamp) VALUES (208, 497, 201, 20250516, 272, 'Desktop', '2025-09-28 19:49:56');
INSERT INTO FactStream (stream_id, user_id, track_id, date_key, listen_duration, device_type, stream_timestamp) VALUES (209, 378, 215, 20250426, 142, 'Smart Speaker', '2025-09-27 19:49:56');
INSERT INTO FactStream (stream_id, user_id, track_id, date_key, listen_duration, device_type, stream_timestamp) VALUES (210, 27, 340, 20250311, 285, 'Desktop', '2025-10-06 19:49:56');
INSERT INTO FactStream (stream_id, user_id, track_id, date_key, listen_duration, device_type, stream_timestamp) VALUES (211, 36, 138, 20250111, 11, 'Mobile', '2025-10-05 19:49:56');
INSERT INTO FactStream (stream_id, user_id, track_id, date_key, listen_duration, device_type, stream_timestamp) VALUES (212, 186, 243, 20241205, 38, 'Desktop', '2025-10-03 19:49:56');
INSERT INTO FactStream (stream_id, user_id, track_id, date_key, listen_duration, device_type, stream_timestamp) VALUES (213, 63, 335, 20241223, 109, 'Smart Speaker', '2025-10-03 19:49:56');
INSERT INTO FactStream (stream_id, user_id, track_id, date_key, listen_duration, device_type, stream_timestamp) VALUES (214, 95, 435, 20250221, 31, 'Mobile', '2025-09-30 19:49:56');
INSERT INTO FactStream (stream_id, user_id, track_id, date_key, listen_duration, device_type, stream_timestamp) VALUES (215, 475, 74, 20250612, 49, 'Mobile', '2025-09-28 19:49:56');
INSERT INTO FactStream (stream_id, user_id, track_id, date_key, listen_duration, device_type, stream_timestamp) VALUES (216, 116, 481, 20250504, 185, 'Mobile', '2025-10-05 19:49:56');
INSERT INTO FactStream (stream_id, user_id, track_id, date_key, listen_duration, device_type, stream_timestamp) VALUES (217, 37, 80, 20250415, 47, 'Desktop', '2025-09-29 19:49:56');
INSERT INTO FactStream (stream_id, user_id, track_id, date_key, listen_duration, device_type, stream_timestamp) VALUES (218, 192, 290, 20250904, 186, 'Desktop', '2025-10-07 19:49:56');
INSERT INTO FactStream (stream_id, user_id, track_id, date_key, listen_duration, device_type, stream_timestamp) VALUES (219, 457, 225, 20241009, 33, 'Desktop', '2025-09-30 19:49:56');
INSERT INTO FactStream (stream_id, user_id, track_id, date_key, listen_duration, device_type, stream_timestamp) VALUES (220, 233, 260, 20250708, 81, 'Desktop', '2025-10-01 19:49:56');
INSERT INTO FactStream (stream_id, user_id, track_id, date_key, listen_duration, device_type, stream_timestamp) VALUES (221, 108, 487, 20250820, 14, 'Mobile', '2025-10-05 19:49:56');
INSERT INTO FactStream (stream_id, user_id, track_id, date_key, listen_duration, device_type, stream_timestamp) VALUES (222, 122, 18, 20241104, 171, 'Mobile', '2025-10-04 19:49:56');
INSERT INTO FactStream (stream_id, user_id, track_id, date_key, listen_duration, device_type, stream_timestamp) VALUES (223, 439, 10, 20250303, 85, 'Smart Speaker', '2025-10-06 19:49:56');
INSERT INTO FactStream (stream_id, user_id, track_id, date_key, listen_duration, device_type, stream_timestamp) VALUES (224, 202, 395, 20250412, 209, 'Mobile', '2025-09-28 19:49:56');
INSERT INTO FactStream (stream_id, user_id, track_id, date_key, listen_duration, device_type, stream_timestamp) VALUES (225, 207, 461, 20241101, 83, 'Desktop', '2025-10-06 19:49:56');
INSERT INTO FactStream (stream_id, user_id, track_id, date_key, listen_duration, device_type, stream_timestamp) VALUES (226, 364, 185, 20250920, 131, 'Smart Speaker', '2025-10-07 19:49:56');
INSERT INTO FactStream (stream_id, user_id, track_id, date_key, listen_duration, device_type, stream_timestamp) VALUES (227, 388, 163, 20250516, 154, 'Smart Speaker', '2025-10-01 19:49:56');
INSERT INTO FactStream (stream_id, user_id, track_id, date_key, listen_duration, device_type, stream_timestamp) VALUES (228, 404, 415, 20250415, 270, 'Desktop', '2025-09-30 19:49:56');
INSERT INTO FactStream (stream_id, user_id, track_id, date_key, listen_duration, device_type, stream_timestamp) VALUES (229, 226, 356, 20241226, 110, 'Smart Speaker', '2025-10-03 19:49:56');
INSERT INTO FactStream (stream_id, user_id, track_id, date_key, listen_duration, device_type, stream_timestamp) VALUES (230, 326, 51, 20250927, 121, 'Desktop', '2025-09-29 19:49:56');
INSERT INTO FactStream (stream_id, user_id, track_id, date_key, listen_duration, device_type, stream_timestamp) VALUES (231, 42, 261, 20250421, 326, 'Smart Speaker', '2025-10-03 19:49:56');
INSERT INTO FactStream (stream_id, user_id, track_id, date_key, listen_duration, device_type, stream_timestamp) VALUES (232, 119, 192, 20241031, 169, 'Desktop', '2025-09-28 19:49:56');
INSERT INTO FactStream (stream_id, user_id, track_id, date_key, listen_duration, device_type, stream_timestamp) VALUES (233, 433, 73, 20250330, 67, 'Desktop', '2025-10-05 19:49:56');
INSERT INTO FactStream (stream_id, user_id, track_id, date_key, listen_duration, device_type, stream_timestamp) VALUES (234, 350, 342, 20250703, 181, 'Smart Speaker', '2025-09-29 19:49:56');
INSERT INTO FactStream (stream_id, user_id, track_id, date_key, listen_duration, device_type, stream_timestamp) VALUES (235, 336, 256, 20241016, 153, 'Smart Speaker', '2025-10-02 19:49:56');
INSERT INTO FactStream (stream_id, user_id, track_id, date_key, listen_duration, device_type, stream_timestamp) VALUES (236, 182, 205, 20251002, 47, 'Mobile', '2025-09-30 19:49:56');
INSERT INTO FactStream (stream_id, user_id, track_id, date_key, listen_duration, device_type, stream_timestamp) VALUES (237, 247, 213, 20250330, 48, 'Mobile', '2025-10-06 19:49:56');
INSERT INTO FactStream (stream_id, user_id, track_id, date_key, listen_duration, device_type, stream_timestamp) VALUES (238, 471, 66, 20241212, 217, 'Mobile', '2025-10-06 19:49:56');
INSERT INTO FactStream (stream_id, user_id, track_id, date_key, listen_duration, device_type, stream_timestamp) VALUES (239, 489, 42, 20250430, 24, 'Desktop', '2025-10-03 19:49:56');
INSERT INTO FactStream (stream_id, user_id, track_id, date_key, listen_duration, device_type, stream_timestamp) VALUES (240, 463, 212, 20250223, 106, 'Smart Speaker', '2025-09-27 19:49:56');
INSERT INTO FactStream (stream_id, user_id, track_id, date_key, listen_duration, device_type, stream_timestamp) VALUES (241, 481, 178, 20250629, 16, 'Mobile', '2025-10-06 19:49:56');
INSERT INTO FactStream (stream_id, user_id, track_id, date_key, listen_duration, device_type, stream_timestamp) VALUES (242, 296, 162, 20250817, 32, 'Smart Speaker', '2025-10-05 19:49:56');
INSERT INTO FactStream (stream_id, user_id, track_id, date_key, listen_duration, device_type, stream_timestamp) VALUES (243, 391, 356, 20250427, 86, 'Desktop', '2025-10-02 19:49:56');
INSERT INTO FactStream (stream_id, user_id, track_id, date_key, listen_duration, device_type, stream_timestamp) VALUES (244, 473, 359, 20250420, 79, 'Mobile', '2025-10-02 19:49:56');
INSERT INTO FactStream (stream_id, user_id, track_id, date_key, listen_duration, device_type, stream_timestamp) VALUES (245, 238, 31, 20250117, 121, 'Mobile', '2025-09-29 19:49:56');
INSERT INTO FactStream (stream_id, user_id, track_id, date_key, listen_duration, device_type, stream_timestamp) VALUES (246, 207, 435, 20250806, 65, 'Mobile', '2025-10-03 19:49:56');
INSERT INTO FactStream (stream_id, user_id, track_id, date_key, listen_duration, device_type, stream_timestamp) VALUES (247, 32, 138, 20241114, 256, 'Smart Speaker', '2025-10-05 19:49:56');
INSERT INTO FactStream (stream_id, user_id, track_id, date_key, listen_duration, device_type, stream_timestamp) VALUES (248, 69, 208, 20250611, 107, 'Smart Speaker', '2025-10-04 19:49:56');
INSERT INTO FactStream (stream_id, user_id, track_id, date_key, listen_duration, device_type, stream_timestamp) VALUES (249, 112, 25, 20250826, 69, 'Mobile', '2025-10-02 19:49:56');
INSERT INTO FactStream (stream_id, user_id, track_id, date_key, listen_duration, device_type, stream_timestamp) VALUES (250, 173, 214, 20250225, 144, 'Mobile', '2025-09-28 19:49:56');
INSERT INTO FactStream (stream_id, user_id, track_id, date_key, listen_duration, device_type, stream_timestamp) VALUES (251, 207, 174, 20250504, 49, 'Mobile', '2025-10-07 19:49:56');
INSERT INTO FactStream (stream_id, user_id, track_id, date_key, listen_duration, device_type, stream_timestamp) VALUES (252, 67, 70, 20241114, 70, 'Desktop', '2025-09-30 19:49:56');
INSERT INTO FactStream (stream_id, user_id, track_id, date_key, listen_duration, device_type, stream_timestamp) VALUES (253, 494, 202, 20250122, 189, 'Smart Speaker', '2025-10-06 19:49:56');
INSERT INTO FactStream (stream_id, user_id, track_id, date_key, listen_duration, device_type, stream_timestamp) VALUES (254, 448, 200, 20250620, 36, 'Desktop', '2025-09-30 19:49:56');
INSERT INTO FactStream (stream_id, user_id, track_id, date_key, listen_duration, device_type, stream_timestamp) VALUES (255, 7, 298, 20250511, 42, 'Mobile', '2025-09-29 19:49:56');
INSERT INTO FactStream (stream_id, user_id, track_id, date_key, listen_duration, device_type, stream_timestamp) VALUES (256, 409, 31, 20250508, 252, 'Desktop', '2025-10-04 19:49:56');
INSERT INTO FactStream (stream_id, user_id, track_id, date_key, listen_duration, device_type, stream_timestamp) VALUES (257, 101, 373, 20250620, 46, 'Desktop', '2025-10-05 19:49:56');
INSERT INTO FactStream (stream_id, user_id, track_id, date_key, listen_duration, device_type, stream_timestamp) VALUES (258, 190, 238, 20250516, 119, 'Desktop', '2025-09-27 19:49:56');
INSERT INTO FactStream (stream_id, user_id, track_id, date_key, listen_duration, device_type, stream_timestamp) VALUES (259, 451, 334, 20250529, 254, 'Smart Speaker', '2025-10-05 19:49:56');
INSERT INTO FactStream (stream_id, user_id, track_id, date_key, listen_duration, device_type, stream_timestamp) VALUES (260, 377, 181, 20250907, 76, 'Mobile', '2025-10-04 19:49:56');
INSERT INTO FactStream (stream_id, user_id, track_id, date_key, listen_duration, device_type, stream_timestamp) VALUES (261, 333, 58, 20250708, 84, 'Smart Speaker', '2025-09-30 19:49:56');
INSERT INTO FactStream (stream_id, user_id, track_id, date_key, listen_duration, device_type, stream_timestamp) VALUES (262, 88, 232, 20241029, 53, 'Smart Speaker', '2025-10-04 19:49:56');
INSERT INTO FactStream (stream_id, user_id, track_id, date_key, listen_duration, device_type, stream_timestamp) VALUES (263, 301, 465, 20250501, 82, 'Mobile', '2025-10-04 19:49:56');
INSERT INTO FactStream (stream_id, user_id, track_id, date_key, listen_duration, device_type, stream_timestamp) VALUES (264, 431, 364, 20250724, 46, 'Smart Speaker', '2025-10-01 19:49:56');
INSERT INTO FactStream (stream_id, user_id, track_id, date_key, listen_duration, device_type, stream_timestamp) VALUES (265, 430, 489, 20250611, 70, 'Desktop', '2025-09-28 19:49:56');
INSERT INTO FactStream (stream_id, user_id, track_id, date_key, listen_duration, device_type, stream_timestamp) VALUES (266, 152, 135, 20250406, 59, 'Desktop', '2025-09-28 19:49:56');
INSERT INTO FactStream (stream_id, user_id, track_id, date_key, listen_duration, device_type, stream_timestamp) VALUES (267, 136, 478, 20250713, 93, 'Desktop', '2025-09-30 19:49:56');
INSERT INTO FactStream (stream_id, user_id, track_id, date_key, listen_duration, device_type, stream_timestamp) VALUES (268, 312, 116, 20250618, 286, 'Desktop', '2025-09-28 19:49:56');
INSERT INTO FactStream (stream_id, user_id, track_id, date_key, listen_duration, device_type, stream_timestamp) VALUES (269, 92, 121, 20250921, 73, 'Desktop', '2025-09-30 19:49:56');
INSERT INTO FactStream (stream_id, user_id, track_id, date_key, listen_duration, device_type, stream_timestamp) VALUES (270, 178, 326, 20250916, 137, 'Mobile', '2025-09-27 19:49:56');
INSERT INTO FactStream (stream_id, user_id, track_id, date_key, listen_duration, device_type, stream_timestamp) VALUES (271, 250, 264, 20241119, 103, 'Smart Speaker', '2025-09-29 19:49:56');
INSERT INTO FactStream (stream_id, user_id, track_id, date_key, listen_duration, device_type, stream_timestamp) VALUES (272, 354, 380, 20250405, 158, 'Smart Speaker', '2025-10-06 19:49:56');
INSERT INTO FactStream (stream_id, user_id, track_id, date_key, listen_duration, device_type, stream_timestamp) VALUES (273, 459, 329, 20250107, 55, 'Desktop', '2025-10-07 19:49:56');
INSERT INTO FactStream (stream_id, user_id, track_id, date_key, listen_duration, device_type, stream_timestamp) VALUES (274, 255, 194, 20241223, 124, 'Mobile', '2025-10-02 19:49:56');
INSERT INTO FactStream (stream_id, user_id, track_id, date_key, listen_duration, device_type, stream_timestamp) VALUES (275, 455, 125, 20241206, 142, 'Mobile', '2025-09-30 19:49:56');
INSERT INTO FactStream (stream_id, user_id, track_id, date_key, listen_duration, device_type, stream_timestamp) VALUES (276, 474, 71, 20250630, 69, 'Desktop', '2025-10-06 19:49:56');
INSERT INTO FactStream (stream_id, user_id, track_id, date_key, listen_duration, device_type, stream_timestamp) VALUES (277, 43, 347, 20250129, 20, 'Desktop', '2025-09-30 19:49:56');
INSERT INTO FactStream (stream_id, user_id, track_id, date_key, listen_duration, device_type, stream_timestamp) VALUES (278, 320, 289, 20250217, 83, 'Smart Speaker', '2025-10-06 19:49:56');
INSERT INTO FactStream (stream_id, user_id, track_id, date_key, listen_duration, device_type, stream_timestamp) VALUES (279, 309, 384, 20250107, 133, 'Smart Speaker', '2025-09-30 19:49:56');
INSERT INTO FactStream (stream_id, user_id, track_id, date_key, listen_duration, device_type, stream_timestamp) VALUES (280, 57, 160, 20250811, 122, 'Smart Speaker', '2025-09-30 19:49:56');
INSERT INTO FactStream (stream_id, user_id, track_id, date_key, listen_duration, device_type, stream_timestamp) VALUES (281, 343, 213, 20250630, 187, 'Mobile', '2025-10-04 19:49:56');
INSERT INTO FactStream (stream_id, user_id, track_id, date_key, listen_duration, device_type, stream_timestamp) VALUES (282, 294, 195, 20241019, 165, 'Smart Speaker', '2025-09-27 19:49:56');
INSERT INTO FactStream (stream_id, user_id, track_id, date_key, listen_duration, device_type, stream_timestamp) VALUES (283, 449, 74, 20250503, 154, 'Mobile', '2025-09-27 19:49:56');
INSERT INTO FactStream (stream_id, user_id, track_id, date_key, listen_duration, device_type, stream_timestamp) VALUES (284, 126, 127, 20250820, 119, 'Desktop', '2025-10-06 19:49:56');
INSERT INTO FactStream (stream_id, user_id, track_id, date_key, listen_duration, device_type, stream_timestamp) VALUES (285, 179, 333, 20250527, 281, 'Smart Speaker', '2025-09-30 19:49:56');
INSERT INTO FactStream (stream_id, user_id, track_id, date_key, listen_duration, device_type, stream_timestamp) VALUES (286, 2, 243, 20250125, 170, 'Desktop', '2025-09-27 19:49:56');
INSERT INTO FactStream (stream_id, user_id, track_id, date_key, listen_duration, device_type, stream_timestamp) VALUES (287, 129, 154, 20241224, 277, 'Mobile', '2025-09-28 19:49:56');
INSERT INTO FactStream (stream_id, user_id, track_id, date_key, listen_duration, device_type, stream_timestamp) VALUES (288, 354, 385, 20241221, 153, 'Mobile', '2025-10-04 19:49:56');
INSERT INTO FactStream (stream_id, user_id, track_id, date_key, listen_duration, device_type, stream_timestamp) VALUES (289, 112, 108, 20250808, 84, 'Desktop', '2025-10-07 19:49:56');
INSERT INTO FactStream (stream_id, user_id, track_id, date_key, listen_duration, device_type, stream_timestamp) VALUES (290, 426, 371, 20251006, 187, 'Smart Speaker', '2025-09-29 19:49:56');
INSERT INTO FactStream (stream_id, user_id, track_id, date_key, listen_duration, device_type, stream_timestamp) VALUES (291, 147, 132, 20250309, 76, 'Mobile', '2025-09-28 19:49:56');
INSERT INTO FactStream (stream_id, user_id, track_id, date_key, listen_duration, device_type, stream_timestamp) VALUES (292, 278, 178, 20250715, 111, 'Smart Speaker', '2025-09-27 19:49:56');
INSERT INTO FactStream (stream_id, user_id, track_id, date_key, listen_duration, device_type, stream_timestamp) VALUES (293, 195, 103, 20250707, 14, 'Desktop', '2025-10-01 19:49:56');
INSERT INTO FactStream (stream_id, user_id, track_id, date_key, listen_duration, device_type, stream_timestamp) VALUES (294, 88, 8, 20250920, 200, 'Desktop', '2025-10-03 19:49:56');
INSERT INTO FactStream (stream_id, user_id, track_id, date_key, listen_duration, device_type, stream_timestamp) VALUES (295, 73, 119, 20250420, 149, 'Smart Speaker', '2025-09-30 19:49:56');
INSERT INTO FactStream (stream_id, user_id, track_id, date_key, listen_duration, device_type, stream_timestamp) VALUES (296, 233, 244, 20241214, 114, 'Desktop', '2025-10-05 19:49:56');
INSERT INTO FactStream (stream_id, user_id, track_id, date_key, listen_duration, device_type, stream_timestamp) VALUES (297, 13, 443, 20250105, 38, 'Smart Speaker', '2025-10-06 19:49:56');
INSERT INTO FactStream (stream_id, user_id, track_id, date_key, listen_duration, device_type, stream_timestamp) VALUES (298, 347, 311, 20250802, 129, 'Desktop', '2025-10-01 19:49:56');
INSERT INTO FactStream (stream_id, user_id, track_id, date_key, listen_duration, device_type, stream_timestamp) VALUES (299, 428, 176, 20250813, 78, 'Mobile', '2025-10-05 19:49:56');
INSERT INTO FactStream (stream_id, user_id, track_id, date_key, listen_duration, device_type, stream_timestamp) VALUES (300, 174, 458, 20250412, 94, 'Smart Speaker', '2025-09-27 19:49:56');

